--
-- $Id$
-- $Source$
-- $Revision$
--
-- Menu auguria entries
-- This file is loaded when a menu handler auguria is activated
--

delete from llx_menu_const where fk_menu in (select rowid from llx_menu where menu_handler='auguria');
delete from llx_menu where menu_handler='auguria';
delete from llx_menu_constraint;
delete from llx_menu_const;

-- 
-- table `llx_menu`
-- 
insert into `llx_menu` (`rowid`, `menu_handler`, `type`, `mainmenu`, `leftmenu`, `fk_menu`, `url`, `titre`, `level`, `langs`, perms, `target`, `user`, position) values ( 1__+MAX_llx_menu__, 'auguria', 'top', 'home',        '', 0, '/index.php?mainmenu=home&amp;leftmenu=', 'Home', -1, '', '', '', 2, 1);
insert into `llx_menu` (`rowid`, `menu_handler`, `type`, `mainmenu`, `leftmenu`, `fk_menu`, `url`, `titre`, `level`, `langs`, perms, `target`, `user`, position) values ( 2__+MAX_llx_menu__, 'auguria', 'top', 'companies',   '', 0, '/index.php?mainmenu=companies&amp;leftmenu=', 'ThirdParties', -1, 'companies', '', '', 2, 2);
insert into `llx_menu` (`rowid`, `menu_handler`, `type`, `mainmenu`, `leftmenu`, `fk_menu`, `url`, `titre`, `level`, `langs`, perms, `target`, `user`, position) values ( 3__+MAX_llx_menu__, 'auguria', 'top', 'products',    '', 0, '/product/index.php?mainmenu=products&amp;leftmenu=', 'Products/Services', -1, 'products', '$user->rights->produit->lire', '', 0, 3);
insert into `llx_menu` (`rowid`, `menu_handler`, `type`, `mainmenu`, `leftmenu`, `fk_menu`, `url`, `titre`, `level`, `langs`, perms, `target`, `user`, position) values ( 4__+MAX_llx_menu__, 'auguria', 'top', 'suppliers',   '', 0, '/fourn/index.php?mainmenu=suppliers&amp;leftmenu=', 'Suppliers', -1, 'suppliers', '$user->rights->fournisseur->lire', '', 0, 4);
insert into `llx_menu` (`rowid`, `menu_handler`, `type`, `mainmenu`, `leftmenu`, `fk_menu`, `url`, `titre`, `level`, `langs`, perms, `target`, `user`, position) values ( 5__+MAX_llx_menu__, 'auguria', 'top', 'commercial',  '', 0, '/comm/index.php?mainmenu=commercial&amp;leftmenu=', 'Commercial', -1, 'commercial', '$user->rights->commercial->main->lire', '', 2, 5);
insert into `llx_menu` (`rowid`, `menu_handler`, `type`, `mainmenu`, `leftmenu`, `fk_menu`, `url`, `titre`, `level`, `langs`, perms, `target`, `user`, position) values ( 6__+MAX_llx_menu__, 'auguria', 'top', 'accountancy', '', 0, '/compta/index.php?mainmenu=accountancy&amp;leftmenu=', 'MenuFinancial', -1, 'compta', '$user->rights->compta->resultat->lire || $user->rights->comptaexpert->plancompte->lire || $user->rights->commande->lire || $user->rights->facture->lire || $user->rights->banque->lire', '', 2, 6);
insert into `llx_menu` (`rowid`, `menu_handler`, `type`, `mainmenu`, `leftmenu`, `fk_menu`, `url`, `titre`, `level`, `langs`, perms, `target`, `user`, position) values ( 7__+MAX_llx_menu__, 'auguria', 'top', 'project',     '', 0, '/projet/index.php?mainmenu=project&amp;leftmenu=', 'Projects', -1, 'projects', '$user->rights->projet->lire', '', 0, 7);
insert into `llx_menu` (`rowid`, `menu_handler`, `type`, `mainmenu`, `leftmenu`, `fk_menu`, `url`, `titre`, `level`, `langs`, perms, `target`, `user`, position) values ( 8__+MAX_llx_menu__, 'auguria', 'top', 'tools',       '', 0, '/index.php?mainmenu=tools&amp;leftmenu=', 'Tools', -1, 'other', '$user->rights->mailing->lire || $user->rights->bookmark->lire || $user->rights->export->lire', '', 2, 8);
insert into `llx_menu` (`rowid`, `menu_handler`, `type`, `mainmenu`, `leftmenu`, `fk_menu`, `url`, `titre`, `level`, `langs`, perms, `target`, `user`, position) values ( 9__+MAX_llx_menu__, 'auguria', 'top', 'telephony',   '', 0, '/telephonie/index.php?mainmenu=telephony&amp;leftmenu=', 'Telephony', -1, 'telephony', '$user->rights->telephonie->lire', '', 2, 9);
insert into `llx_menu` (`rowid`, `menu_handler`, `type`, `mainmenu`, `leftmenu`, `fk_menu`, `url`, `titre`, `level`, `langs`, perms, `target`, `user`, position) values (10__+MAX_llx_menu__, 'auguria', 'top', 'energy',      '', 0, '/energie/index.php?mainmenu=energy&amp;leftmenu=', 'Energy', -1, 'energy', '', '', 2, 10);
insert into `llx_menu` (`rowid`, `menu_handler`, `type`, `mainmenu`, `leftmenu`, `fk_menu`, `url`, `titre`, `level`, `langs`, perms, `target`, `user`, position) values (11__+MAX_llx_menu__, 'auguria', 'top', 'shop',        '', 0, '/boutique/index.php?mainmenu=shop&amp;leftmenu=', 'OSCommerce', -1, 'shop', '', '', 0, 11);
insert into `llx_menu` (`rowid`, `menu_handler`, `type`, `mainmenu`, `leftmenu`, `fk_menu`, `url`, `titre`, `level`, `langs`, perms, `target`, `user`, position) values (12__+MAX_llx_menu__, 'auguria', 'top', 'shop',        '', 0, '/oscommerce_ws/index.php?mainmenu=shop&amp;leftmenu=', 'OSCommerce', -1, 'shop', '', '', 0, 12);
insert into `llx_menu` (`rowid`, `menu_handler`, `type`, `mainmenu`, `leftmenu`, `fk_menu`, `url`, `titre`, `level`, `langs`, perms, `target`, `user`, position) values (14__+MAX_llx_menu__, 'auguria', 'top', 'cashdesk',    '', 0, '/cashdesk/index.php?mainmenu=cashdesk&amp;leftmenu=', 'CashDesk', -1, 'cashdesk', '', '', 2, 13);
insert into `llx_menu` (`rowid`, `menu_handler`, `type`, `mainmenu`, `leftmenu`, `fk_menu`, `url`, `titre`, `level`, `langs`, perms, `target`, `user`, position) values (13__+MAX_llx_menu__, 'auguria', 'top', 'members',     '', 0, '/adherents/index.php?mainmenu=members&amp;leftmenu=', 'Members', -1, 'members', '', '', 2, 15);

insert into `llx_menu` (`menu_handler`, `type`, `rowid`, `mainmenu`, `leftmenu`, `fk_menu`, `url`, `titre`, `level`, `langs`, perms, `target`, `user`, position) values ('auguria', 'left', 100__+MAX_llx_menu__, 'home', '', 1__+MAX_llx_menu__, '/admin/index.php?leftmenu=setup', 'Setup', 0, 'admin', '', '', 2, 0);
insert into `llx_menu` (`menu_handler`, `type`, `rowid`, `mainmenu`, `leftmenu`, `fk_menu`, `url`, `titre`, `level`, `langs`, perms, `target`, `user`, position) values ('auguria', 'left', 101__+MAX_llx_menu__, 'home', '', 100__+MAX_llx_menu__, '/admin/company.php', 'MenuCompanySetup', 1, 'admin', '', '', 2, 1);
insert into `llx_menu` (`menu_handler`, `type`, `rowid`, `mainmenu`, `leftmenu`, `fk_menu`, `url`, `titre`, `level`, `langs`, perms, `target`, `user`, position) values ('auguria', 'left', 102__+MAX_llx_menu__, 'home', '', 100__+MAX_llx_menu__, '/admin/ihm.php', 'GUISetup', 1, 'admin', '', '', 2, 4);
insert into `llx_menu` (`menu_handler`, `type`, `rowid`, `mainmenu`, `leftmenu`, `fk_menu`, `url`, `titre`, `level`, `langs`, perms, `target`, `user`, position) values ('auguria', 'left', 103__+MAX_llx_menu__, 'home', '', 100__+MAX_llx_menu__, '/admin/modules.php', 'Modules', 1, 'admin', '', '', 2, 2);
insert into `llx_menu` (`menu_handler`, `type`, `rowid`, `mainmenu`, `leftmenu`, `fk_menu`, `url`, `titre`, `level`, `langs`, perms, `target`, `user`, position) values ('auguria', 'left', 104__+MAX_llx_menu__, 'home', '', 100__+MAX_llx_menu__, '/admin/boxes.php', 'Boxes', 1, 'admin', '', '', 2, 5);
insert into `llx_menu` (`menu_handler`, `type`, `rowid`, `mainmenu`, `leftmenu`, `fk_menu`, `url`, `titre`, `level`, `langs`, perms, `target`, `user`, position) values ('auguria', 'left', 105__+MAX_llx_menu__, 'home', '', 100__+MAX_llx_menu__, '/admin/menus.php', 'Menus', 1, 'admin', '', '', 2, 3);
insert into `llx_menu` (`menu_handler`, `type`, `rowid`, `mainmenu`, `leftmenu`, `fk_menu`, `url`, `titre`, `level`, `langs`, perms, `target`, `user`, position) values ('auguria', 'left', 106__+MAX_llx_menu__, 'home', '', 100__+MAX_llx_menu__, '/admin/delais.php', 'Alerts', 1, 'admin', '', '', 2, 6);
insert into `llx_menu` (`menu_handler`, `type`, `rowid`, `mainmenu`, `leftmenu`, `fk_menu`, `url`, `titre`, `level`, `langs`, perms, `target`, `user`, position) values ('auguria', 'left', 108__+MAX_llx_menu__, 'home', '', 100__+MAX_llx_menu__, '/admin/perms.php', 'Security', 1, 'admin', '', '', 2, 7);
insert into `llx_menu` (`menu_handler`, `type`, `rowid`, `mainmenu`, `leftmenu`, `fk_menu`, `url`, `titre`, `level`, `langs`, perms, `target`, `user`, position) values ('auguria', 'left', 109__+MAX_llx_menu__, 'home', '', 100__+MAX_llx_menu__, '/admin/mails.php', 'Emails', 1, 'admin', '', '', 2, 8);
insert into `llx_menu` (`menu_handler`, `type`, `rowid`, `mainmenu`, `leftmenu`, `fk_menu`, `url`, `titre`, `level`, `langs`, perms, `target`, `user`, position) values ('auguria', 'left', 110__+MAX_llx_menu__, 'home', '', 100__+MAX_llx_menu__, '/admin/limits.php', 'MenuLimits', 1, 'admin', '', '', 2, 9);
insert into `llx_menu` (`menu_handler`, `type`, `rowid`, `mainmenu`, `leftmenu`, `fk_menu`, `url`, `titre`, `level`, `langs`, perms, `target`, `user`, position) values ('auguria', 'left', 111__+MAX_llx_menu__, 'home', '', 100__+MAX_llx_menu__, '/admin/dict.php', 'DictionnarySetup', 1, 'admin', '', '', 2, 10);
insert into `llx_menu` (`menu_handler`, `type`, `rowid`, `mainmenu`, `leftmenu`, `fk_menu`, `url`, `titre`, `level`, `langs`, perms, `target`, `user`, position) values ('auguria', 'left', 112__+MAX_llx_menu__, 'home', '', 100__+MAX_llx_menu__, '/admin/const.php', 'OtherSetup', 1, 'admin', '', '', 2, 11);
insert into `llx_menu` (`menu_handler`, `type`, `rowid`, `mainmenu`, `leftmenu`, `fk_menu`, `url`, `titre`, `level`, `langs`, perms, `target`, `user`, position) values ('auguria', 'left', 200__+MAX_llx_menu__, 'home', '', 1__+MAX_llx_menu__, '/admin/system/index.php?leftmenu=system', 'SystemInfo', 0, 'admin', '', '', 2, 1);
insert into `llx_menu` (`menu_handler`, `type`, `rowid`, `mainmenu`, `leftmenu`, `fk_menu`, `url`, `titre`, `level`, `langs`, perms, `target`, `user`, position) values ('auguria', 'left', 201__+MAX_llx_menu__, 'home', '', 200__+MAX_llx_menu__, '/admin/system/dolibarr.php', 'Dolibarr', 1, 'admin', '', '', 2, 0);
insert into `llx_menu` (`menu_handler`, `type`, `rowid`, `mainmenu`, `leftmenu`, `fk_menu`, `url`, `titre`, `level`, `langs`, perms, `target`, `user`, position) values ('auguria', 'left', 202__+MAX_llx_menu__, 'home', '', 201__+MAX_llx_menu__, '/admin/system/constall.php', 'AllParameters', 2, 'admin', '', '', 2, 1);
insert into `llx_menu` (`menu_handler`, `type`, `rowid`, `mainmenu`, `leftmenu`, `fk_menu`, `url`, `titre`, `level`, `langs`, perms, `target`, `user`, position) values ('auguria', 'left', 207__+MAX_llx_menu__, 'home', '', 201__+MAX_llx_menu__, '/admin/triggers.php', 'Triggers', 2, 'admin', '', '', 2, 2);
insert into `llx_menu` (`menu_handler`, `type`, `rowid`, `mainmenu`, `leftmenu`, `fk_menu`, `url`, `titre`, `level`, `langs`, perms, `target`, `user`, position) values ('auguria', 'left', 203__+MAX_llx_menu__, 'home', '', 201__+MAX_llx_menu__, '/about.php', 'About', 2, 'admin', '', '', 2, 3);
insert into `llx_menu` (`menu_handler`, `type`, `rowid`, `mainmenu`, `leftmenu`, `fk_menu`, `url`, `titre`, `level`, `langs`, perms, `target`, `user`, position) values ('auguria', 'left', 204__+MAX_llx_menu__, 'home', '', 200__+MAX_llx_menu__, '/admin/system/os.php', 'OS', 1, 'admin', '', '', 2, 1);
insert into `llx_menu` (`menu_handler`, `type`, `rowid`, `mainmenu`, `leftmenu`, `fk_menu`, `url`, `titre`, `level`, `langs`, perms, `target`, `user`, position) values ('auguria', 'left', 205__+MAX_llx_menu__, 'home', '', 200__+MAX_llx_menu__, '/admin/system/web.php', 'WebServer', 1, 'admin', '', '', 2, 2);
insert into `llx_menu` (`menu_handler`, `type`, `rowid`, `mainmenu`, `leftmenu`, `fk_menu`, `url`, `titre`, `level`, `langs`, perms, `target`, `user`, position) values ('auguria', 'left', 206__+MAX_llx_menu__, 'home', '', 200__+MAX_llx_menu__, '/admin/system/phpinfo.php', 'Php', 1, 'admin', '', '', 2, 3);
insert into `llx_menu` (`menu_handler`, `type`, `rowid`, `mainmenu`, `leftmenu`, `fk_menu`, `url`, `titre`, `level`, `langs`, perms, `target`, `user`, position) values ('auguria', 'left', 210__+MAX_llx_menu__, 'home', '', 200__+MAX_llx_menu__, '/admin/system/database.php', 'Database', 1, 'admin', '', '', 2, 4);
insert into `llx_menu` (`menu_handler`, `type`, `rowid`, `mainmenu`, `leftmenu`, `fk_menu`, `url`, `titre`, `level`, `langs`, perms, `target`, `user`, position) values ('auguria', 'left', 211__+MAX_llx_menu__, 'home', '', 210__+MAX_llx_menu__, '/admin/system/database-tables.php', 'Tables', 2, 'admin', '', '', 2, 0);
insert into `llx_menu` (`menu_handler`, `type`, `rowid`, `mainmenu`, `leftmenu`, `fk_menu`, `url`, `titre`, `level`, `langs`, perms, `target`, `user`, position) values ('auguria', 'left', 212__+MAX_llx_menu__, 'home', '', 210__+MAX_llx_menu__, '/admin/system/database-tables-contraintes.php', 'Constraints', 2, 'admin', '', '', 2, 1);
insert into `llx_menu` (`menu_handler`, `type`, `rowid`, `mainmenu`, `leftmenu`, `fk_menu`, `url`, `titre`, `level`, `langs`, perms, `target`, `user`, position) values ('auguria', 'left', 300__+MAX_llx_menu__, 'home', '', 1__+MAX_llx_menu__, '/admin/tools/index.php?leftmenu=admintools', 'SystemTools', 0, 'admin', '', '', 2, 2);
insert into `llx_menu` (`menu_handler`, `type`, `rowid`, `mainmenu`, `leftmenu`, `fk_menu`, `url`, `titre`, `level`, `langs`, perms, `target`, `user`, position) values ('auguria', 'left', 301__+MAX_llx_menu__, 'home', '', 300__+MAX_llx_menu__, '/admin/tools/dolibarr_export.php', 'Backup', 1, 'admin', '', '', 2, 0);
insert into `llx_menu` (`menu_handler`, `type`, `rowid`, `mainmenu`, `leftmenu`, `fk_menu`, `url`, `titre`, `level`, `langs`, perms, `target`, `user`, position) values ('auguria', 'left', 302__+MAX_llx_menu__, 'home', '', 300__+MAX_llx_menu__, '/admin/tools/dolibarr_import.php', 'Restore', 1, 'admin', '', '', 2, 1);
insert into `llx_menu` (`menu_handler`, `type`, `rowid`, `mainmenu`, `leftmenu`, `fk_menu`, `url`, `titre`, `level`, `langs`, perms, `target`, `user`, position) values ('auguria', 'left', 305__+MAX_llx_menu__, 'home', '', 300__+MAX_llx_menu__, '/admin/tools/update.php', 'Upgrade', 1, 'admin', '', '', 2, 2);
insert into `llx_menu` (`menu_handler`, `type`, `rowid`, `mainmenu`, `leftmenu`, `fk_menu`, `url`, `titre`, `level`, `langs`, perms, `target`, `user`, position) values ('auguria', 'left', 304__+MAX_llx_menu__, 'home', '', 300__+MAX_llx_menu__, '/admin/tools/eaccelerator.php', 'EAccelerator', 1, 'admin', '', '', 2, 3);
insert into `llx_menu` (`menu_handler`, `type`, `rowid`, `mainmenu`, `leftmenu`, `fk_menu`, `url`, `titre`, `level`, `langs`, perms, `target`, `user`, position) values ('auguria', 'left', 306__+MAX_llx_menu__, 'home', '', 300__+MAX_llx_menu__, '/admin/tools/listevents.php', 'Audit', 1, 'admin', '', '', 2, 4);
insert into `llx_menu` (`menu_handler`, `type`, `rowid`, `mainmenu`, `leftmenu`, `fk_menu`, `url`, `titre`, `level`, `langs`, perms, `target`, `user`, position) values ('auguria', 'left', 303__+MAX_llx_menu__, 'home', '', 300__+MAX_llx_menu__, '/admin/tools/purge.php', 'Purge', 1, 'admin', '', '', 2, 5);
insert into `llx_menu` (`menu_handler`, `type`, `rowid`, `mainmenu`, `leftmenu`, `fk_menu`, `url`, `titre`, `level`, `langs`, perms, `target`, `user`, position) values ('auguria', 'left', 400__+MAX_llx_menu__, 'home', '', 1__+MAX_llx_menu__, '/user/home.php?leftmenu=users', 'MenuUsersAndGroups', 0, 'users', '', '', 2, 3);
insert into `llx_menu` (`menu_handler`, `type`, `rowid`, `mainmenu`, `leftmenu`, `fk_menu`, `url`, `titre`, `level`, `langs`, perms, `target`, `user`, position) values ('auguria', 'left', 401__+MAX_llx_menu__, 'home', '', 400__+MAX_llx_menu__, '/user/index.php', 'Users', 1, 'users', '$user->rights->user->user->lire || $user->admin', '', 2, 0);
insert into `llx_menu` (`menu_handler`, `type`, `rowid`, `mainmenu`, `leftmenu`, `fk_menu`, `url`, `titre`, `level`, `langs`, perms, `target`, `user`, position) values ('auguria', 'left', 402__+MAX_llx_menu__, 'home', '', 401__+MAX_llx_menu__, '/user/fiche.php?action=create', 'NewUser', 2, 'users', '$user->rights->user->user->creer || $user->admin', '', 2, 0);
insert into `llx_menu` (`menu_handler`, `type`, `rowid`, `mainmenu`, `leftmenu`, `fk_menu`, `url`, `titre`, `level`, `langs`, perms, `target`, `user`, position) values ('auguria', 'left', 403__+MAX_llx_menu__, 'home', '', 400__+MAX_llx_menu__, '/user/group/index.php', 'Groups', 1, 'users', '$user->rights->user->user->lire || $user->admin', '', 2, 1);
insert into `llx_menu` (`menu_handler`, `type`, `rowid`, `mainmenu`, `leftmenu`, `fk_menu`, `url`, `titre`, `level`, `langs`, perms, `target`, `user`, position) values ('auguria', 'left', 404__+MAX_llx_menu__, 'home', '', 403__+MAX_llx_menu__, '/user/group/fiche.php?action=create', 'NewGroup', 2, 'users', '$user->rights->user->user->creer || $user->admin', '', 2, 0);

insert into `llx_menu` (`menu_handler`, `type`, `rowid`, `mainmenu`, `leftmenu`, `fk_menu`, `url`, `titre`, `level`, `langs`, perms, `target`, `user`, position) values ('auguria', 'left', 500__+MAX_llx_menu__, 'companies', '', 2__+MAX_llx_menu__, '/societe.php', 'ThirdParty', 0, 'companies', '$user->rights->societe->lire', '', 2, 0);
insert into `llx_menu` (`menu_handler`, `type`, `rowid`, `mainmenu`, `leftmenu`, `fk_menu`, `url`, `titre`, `level`, `langs`, perms, `target`, `user`, position) values ('auguria', 'left', 501__+MAX_llx_menu__, 'companies', '', 500__+MAX_llx_menu__, '/soc.php?action=create', 'MenuNewThirdParty', 1, 'companies', '$user->rights->societe->lire', '', 2, 0);
insert into `llx_menu` (`menu_handler`, `type`, `rowid`, `mainmenu`, `leftmenu`, `fk_menu`, `url`, `titre`, `level`, `langs`, perms, `target`, `user`, position) values ('auguria', 'left', 502__+MAX_llx_menu__, 'companies', '', 500__+MAX_llx_menu__, '/societe/groupe/index.php', 'MenuSocGroup', 1, 'companies', '$user->rights->societe->lire', '', 2, 1);
insert into `llx_menu` (`menu_handler`, `type`, `rowid`, `mainmenu`, `leftmenu`, `fk_menu`, `url`, `titre`, `level`, `langs`, perms, `target`, `user`, position) values ('auguria', 'left', 503__+MAX_llx_menu__, 'companies', '', 500__+MAX_llx_menu__, '/fourn/liste.php?leftmenu=suppliers', 'Suppliers', 1, 'suppliers', '$user->rights->societe->lire && $user->rights->fournisseur->lire', '', 2, 2);
insert into `llx_menu` (`menu_handler`, `type`, `rowid`, `mainmenu`, `leftmenu`, `fk_menu`, `url`, `titre`, `level`, `langs`, perms, `target`, `user`, position) values ('auguria', 'left', 504__+MAX_llx_menu__, 'companies', '', 503__+MAX_llx_menu__, '/soc.php?leftmenu=supplier&action=create&type=f', 'NewSupplier', 2, 'suppliers', '$user->rights->societe->lire', '', 2, 0);
insert into `llx_menu` (`menu_handler`, `type`, `rowid`, `mainmenu`, `leftmenu`, `fk_menu`, `url`, `titre`, `level`, `langs`, perms, `target`, `user`, position) values ('auguria', 'left', 505__+MAX_llx_menu__, 'companies', '', 503__+MAX_llx_menu__, '/contact/index.php?leftmenu=suppliers&type=f', 'Contacts', 2, 'suppliers', '$user->rights->societe->lire && $user->rights->fournisseur->lire', '', 2, 1);
insert into `llx_menu` (`menu_handler`, `type`, `rowid`, `mainmenu`, `leftmenu`, `fk_menu`, `url`, `titre`, `level`, `langs`, perms, `target`, `user`, position) values ('auguria', 'left', 506__+MAX_llx_menu__, 'companies', '', 500__+MAX_llx_menu__, '/comm/prospect/prospects.php?leftmenu=prospects', 'Prospects', 1, 'companies', '$user->rights->societe->lire', '', 2, 3);
insert into `llx_menu` (`menu_handler`, `type`, `rowid`, `mainmenu`, `leftmenu`, `fk_menu`, `url`, `titre`, `level`, `langs`, perms, `target`, `user`, position) values ('auguria', 'left', 507__+MAX_llx_menu__, 'companies', '', 506__+MAX_llx_menu__, '/soc.php?leftmenu=prospects&action=create&type=p', 'MenuNewProspect', 2, 'companies', '$user->rights->societe->creer', '', 2, 0);
insert into `llx_menu` (`menu_handler`, `type`, `rowid`, `mainmenu`, `leftmenu`, `fk_menu`, `url`, `titre`, `level`, `langs`, perms, `target`, `user`, position) values ('auguria', 'left', 508__+MAX_llx_menu__, 'companies', '', 506__+MAX_llx_menu__, '/contact/index.php?leftmenu=customers&type=p', 'Contacts', 2, 'companies', '$user->rights->societe->lire', '', 2, 1);
insert into `llx_menu` (`menu_handler`, `type`, `rowid`, `mainmenu`, `leftmenu`, `fk_menu`, `url`, `titre`, `level`, `langs`, perms, `target`, `user`, position) values ('auguria', 'left', 509__+MAX_llx_menu__, 'companies', '', 500__+MAX_llx_menu__, '/comm/clients.php?leftmenu=customers', 'Customers', 1, 'companies', '$user->rights->societe->lire', '', 2, 4);
insert into `llx_menu` (`menu_handler`, `type`, `rowid`, `mainmenu`, `leftmenu`, `fk_menu`, `url`, `titre`, `level`, `langs`, perms, `target`, `user`, position) values ('auguria', 'left', 510__+MAX_llx_menu__, 'companies', '', 509__+MAX_llx_menu__, '/soc.php?leftmenu=customers&action=create&type=c', 'MenuNewCustomer', 2, 'companies', '$user->rights->societe->creer', '', 2, 0);
insert into `llx_menu` (`menu_handler`, `type`, `rowid`, `mainmenu`, `leftmenu`, `fk_menu`, `url`, `titre`, `level`, `langs`, perms, `target`, `user`, position) values ('auguria', 'left', 511__+MAX_llx_menu__, 'companies', '', 509__+MAX_llx_menu__, '/contact/index.php?leftmenu=customers&type=c', 'Contacts', 2, 'companies', '$user->rights->societe->lire', '', 2, 1);
insert into `llx_menu` (`menu_handler`, `type`, `rowid`, `mainmenu`, `leftmenu`, `fk_menu`, `url`, `titre`, `level`, `langs`, perms, `target`, `user`, position) values ('auguria', 'left', 600__+MAX_llx_menu__, 'companies', '', 2__+MAX_llx_menu__, '/contact/index.php?leftmenu=contacts', 'Contacts', 0, 'companies', '$user->rights->societe->lire', '', 2, 1);
insert into `llx_menu` (`menu_handler`, `type`, `rowid`, `mainmenu`, `leftmenu`, `fk_menu`, `url`, `titre`, `level`, `langs`, perms, `target`, `user`, position) values ('auguria', 'left', 601__+MAX_llx_menu__, 'companies', '', 600__+MAX_llx_menu__, '/contact/fiche.php?leftmenu=contacts&action=create', 'NewContact', 1, 'companies', '$user->rights->societe->creer', '', 2, 0);
insert into `llx_menu` (`menu_handler`, `type`, `rowid`, `mainmenu`, `leftmenu`, `fk_menu`, `url`, `titre`, `level`, `langs`, perms, `target`, `user`, position) values ('auguria', 'left', 602__+MAX_llx_menu__, 'companies', '', 600__+MAX_llx_menu__, '/contact/index.php?leftmenu=contacts', 'List', 1, 'companies', '$user->rights->societe->lire', '', 2, 1);

insert into `llx_menu` (`menu_handler`, `type`, `rowid`, `mainmenu`, `leftmenu`, `fk_menu`, `url`, `titre`, `level`, `langs`, perms, `target`, `user`, position) values ('auguria', 'left', 2800__+MAX_llx_menu__, 'products', '', 3__+MAX_llx_menu__, '/product/index.php?leftmenu=product&type=0', 'Products', 0, 'products', '$user->rights->produit->lire', '', 2, 0);
insert into `llx_menu` (`menu_handler`, `type`, `rowid`, `mainmenu`, `leftmenu`, `fk_menu`, `url`, `titre`, `level`, `langs`, perms, `target`, `user`, position) values ('auguria', 'left', 2801__+MAX_llx_menu__, 'products', '', 2800__+MAX_llx_menu__, '/product/fiche.php?leftmenu=product&action=create&type=0', 'NewProduct', 1, 'products', '$user->rights->produit->creer', '', 2, 0);
insert into `llx_menu` (`menu_handler`, `type`, `rowid`, `mainmenu`, `leftmenu`, `fk_menu`, `url`, `titre`, `level`, `langs`, perms, `target`, `user`, position) values ('auguria', 'left', 2802__+MAX_llx_menu__, 'products', '', 2800__+MAX_llx_menu__, '/product/liste.php?leftmenu=product&type=0', 'ProductList', 1, 'products', '$user->rights->produit->lire', '', 2, 1);
insert into `llx_menu` (`menu_handler`, `type`, `rowid`, `mainmenu`, `leftmenu`, `fk_menu`, `url`, `titre`, `level`, `langs`, perms, `target`, `user`, position) values ('auguria', 'left', 2803__+MAX_llx_menu__, 'products', '', 2800__+MAX_llx_menu__, '/product/reassort.php?type=0', 'Stocks', 1, 'products', '$user->rights->stock->lire', '', 2, 4);
insert into `llx_menu` (`menu_handler`, `type`, `rowid`, `mainmenu`, `leftmenu`, `fk_menu`, `url`, `titre`, `level`, `langs`, perms, `target`, `user`, position) values ('auguria', 'left', 2804__+MAX_llx_menu__, 'products', '', 2800__+MAX_llx_menu__, '/product/fiche.php?leftmenu=product&action=create&type=0&canvas=livre', 'NewBook', 1, 'products', '$user->rights->produit->creer', '', 2, 2);
insert into `llx_menu` (`menu_handler`, `type`, `rowid`, `mainmenu`, `leftmenu`, `fk_menu`, `url`, `titre`, `level`, `langs`, perms, `target`, `user`, position) values ('auguria', 'left', 2805__+MAX_llx_menu__, 'products', '', 2800__+MAX_llx_menu__, '/product/liste.php?leftmenu=product&type=0&canvas=livre', 'BookList', 1, 'products', '$user->rights->produit->lire', '', 2, 3);
insert into `llx_menu` (`menu_handler`, `type`, `rowid`, `mainmenu`, `leftmenu`, `fk_menu`, `url`, `titre`, `level`, `langs`, perms, `target`, `user`, position) values ('auguria', 'left', 2900__+MAX_llx_menu__, 'products', '', 3__+MAX_llx_menu__, '/product/index.php?leftmenu=service&type=1', 'Services', 0, 'products', '$user->rights->produit->lire', '', 2, 1);
insert into `llx_menu` (`menu_handler`, `type`, `rowid`, `mainmenu`, `leftmenu`, `fk_menu`, `url`, `titre`, `level`, `langs`, perms, `target`, `user`, position) values ('auguria', 'left', 2901__+MAX_llx_menu__, 'products', '', 2900__+MAX_llx_menu__, '/product/fiche.php?leftmenu=service&action=create&type=1', 'NewService', 1, 'products', '$user->rights->produit->creer', '', 2, 0);
insert into `llx_menu` (`menu_handler`, `type`, `rowid`, `mainmenu`, `leftmenu`, `fk_menu`, `url`, `titre`, `level`, `langs`, perms, `target`, `user`, position) values ('auguria', 'left', 2902__+MAX_llx_menu__, 'products', '', 2900__+MAX_llx_menu__, '/product/liste.php?leftmenu=service&type=1', 'List', 1, 'products', '$user->rights->produit->lire', '', 2, 1);
insert into `llx_menu` (`menu_handler`, `type`, `rowid`, `mainmenu`, `leftmenu`, `fk_menu`, `url`, `titre`, `level`, `langs`, perms, `target`, `user`, position) values ('auguria', 'left', 3000__+MAX_llx_menu__, 'products', '', 3__+MAX_llx_menu__, '/product/stats/index.php?leftmenu=stats', 'Statistics', 0, 'main', '$user->rights->produit>lire', '', 2, 2);
insert into `llx_menu` (`menu_handler`, `type`, `rowid`, `mainmenu`, `leftmenu`, `fk_menu`, `url`, `titre`, `level`, `langs`, perms, `target`, `user`, position) values ('auguria', 'left', 3001__+MAX_llx_menu__, 'products', '', 3000__+MAX_llx_menu__, '/product/popuprop.php?leftmenu=stats', 'Popularity', 1, 'main', '$user->rights->produit>lire', '', 2, 0);
insert into `llx_menu` (`menu_handler`, `type`, `rowid`, `mainmenu`, `leftmenu`, `fk_menu`, `url`, `titre`, `level`, `langs`, perms, `target`, `user`, position) values ('auguria', 'left', 3100__+MAX_llx_menu__, 'products', '', 3__+MAX_llx_menu__, '/product/stock/index.php?leftmenu=stock', 'Stock', 0, 'stocks', '$user->rights->stock->lire', '', 2, 3);
insert into `llx_menu` (`menu_handler`, `type`, `rowid`, `mainmenu`, `leftmenu`, `fk_menu`, `url`, `titre`, `level`, `langs`, perms, `target`, `user`, position) values ('auguria', 'left', 3101__+MAX_llx_menu__, 'products', '', 3100__+MAX_llx_menu__, '/product/stock/fiche.php?action=create', 'MenuNewWarehouse', 1, 'stocks', '$user->rights->stock->creer', '', 2, 0);
insert into `llx_menu` (`menu_handler`, `type`, `rowid`, `mainmenu`, `leftmenu`, `fk_menu`, `url`, `titre`, `level`, `langs`, perms, `target`, `user`, position) values ('auguria', 'left', 3102__+MAX_llx_menu__, 'products', '', 3100__+MAX_llx_menu__, '/product/stock/liste.php', 'List', 1, 'stocks', '$user->rights->stock->lire', '', 2, 1);
insert into `llx_menu` (`menu_handler`, `type`, `rowid`, `mainmenu`, `leftmenu`, `fk_menu`, `url`, `titre`, `level`, `langs`, perms, `target`, `user`, position) values ('auguria', 'left', 3103__+MAX_llx_menu__, 'products', '', 3100__+MAX_llx_menu__, '/product/stock/valo.php', 'EnhancedValue', 1, 'stocks', '$user->rights->stock->lire', '', 2, 2);
insert into `llx_menu` (`menu_handler`, `type`, `rowid`, `mainmenu`, `leftmenu`, `fk_menu`, `url`, `titre`, `level`, `langs`, perms, `target`, `user`, position) values ('auguria', 'left', 3104__+MAX_llx_menu__, 'products', '', 3100__+MAX_llx_menu__, '/product/stock/mouvement.php', 'Movements', 1, 'stocks', '$user->rights->stock->mouvement->lire', '', 2, 3);
insert into `llx_menu` (`menu_handler`, `type`, `rowid`, `mainmenu`, `leftmenu`, `fk_menu`, `url`, `titre`, `level`, `langs`, perms, `target`, `user`, position) values ('auguria', 'left', 3200__+MAX_llx_menu__, 'products', '', 3__+MAX_llx_menu__, '/categories/index.php?leftmenu=cat&type=0', 'Categories', 0, 'categories', '$user->rights->categorie>lire', '', 2, 4);
insert into `llx_menu` (`menu_handler`, `type`, `rowid`, `mainmenu`, `leftmenu`, `fk_menu`, `url`, `titre`, `level`, `langs`, perms, `target`, `user`, position) values ('auguria', 'left', 3201__+MAX_llx_menu__, 'products', '', 3200__+MAX_llx_menu__, '/categories/fiche.php?action=create&type=0', 'NewCat', 1, 'categories', '$user->rights->categorie>creer', '', 2, 0);
insert into `llx_menu` (`menu_handler`, `type`, `rowid`, `mainmenu`, `leftmenu`, `fk_menu`, `url`, `titre`, `level`, `langs`, perms, `target`, `user`, position) values ('auguria', 'left', 4800__+MAX_llx_menu__, 'products', '', 3__+MAX_llx_menu__, '/product/droitpret/index.php?leftmenu=droitpret', 'Droit de prêt', 0, 'products', '$user->rights->droitpret->lire', '', 2, 5);
insert into `llx_menu` (`menu_handler`, `type`, `rowid`, `mainmenu`, `leftmenu`, `fk_menu`, `url`, `titre`, `level`, `langs`, perms, `target`, `user`, position) values ('auguria', 'left', 4801__+MAX_llx_menu__, 'products', '', 4800__+MAX_llx_menu__, '/product/droitpret/index.php?leftmenu=droitpret', 'Générer rapport', 1, 'products', '$user->rights->droitpret->creer', '', 2, 1);

insert into `llx_menu` (`menu_handler`, `type`, `rowid`, `mainmenu`, `leftmenu`, `fk_menu`, `url`, `titre`, `level`, `langs`, perms, `target`, `user`, position) values ('auguria', 'left', 3300__+MAX_llx_menu__, 'suppliers', '', 4__+MAX_llx_menu__, '/fourn/index.php?leftmenu=suppliers', 'Suppliers', 0, 'suppliers', '$user->rights->societe->lire && $user->rights->fournisseur->lire', '', 2, 0);
insert into `llx_menu` (`menu_handler`, `type`, `rowid`, `mainmenu`, `leftmenu`, `fk_menu`, `url`, `titre`, `level`, `langs`, perms, `target`, `user`, position) values ('auguria', 'left', 3301__+MAX_llx_menu__, 'suppliers', '', 3300__+MAX_llx_menu__, '/soc.php?leftmenu=suppliers&action=create&type=f', 'NewSupplier', 1, 'suppliers', '$user->rights->societe->creer && $user->rights->fournisseur->lire', '', 2, 0);
insert into `llx_menu` (`menu_handler`, `type`, `rowid`, `mainmenu`, `leftmenu`, `fk_menu`, `url`, `titre`, `level`, `langs`, perms, `target`, `user`, position) values ('auguria', 'left', 3302__+MAX_llx_menu__, 'suppliers', '', 3300__+MAX_llx_menu__, '/fourn/liste.php', 'List', 1, 'suppliers', '$user->rights->societe->lire && $user->rights->fournisseur->lire', '', 2, 1);
insert into `llx_menu` (`menu_handler`, `type`, `rowid`, `mainmenu`, `leftmenu`, `fk_menu`, `url`, `titre`, `level`, `langs`, perms, `target`, `user`, position) values ('auguria', 'left', 3303__+MAX_llx_menu__, 'suppliers', '', 3300__+MAX_llx_menu__, '/contact/index.php?leftmenu=supplier&type=f', 'Contacts', 1, 'suppliers', '$user->rights->societe->lire && $user->rights->fournisseur->lire', '', 2, 2);
insert into `llx_menu` (`menu_handler`, `type`, `rowid`, `mainmenu`, `leftmenu`, `fk_menu`, `url`, `titre`, `level`, `langs`, perms, `target`, `user`, position) values ('auguria', 'left', 3304__+MAX_llx_menu__, 'suppliers', '', 3300__+MAX_llx_menu__, '/fourn/stats.php', 'Statistics', 1, 'suppliers', '$user->rights->societe->lire && $user->rights->fournisseur->lire', '', 2, 3);
insert into `llx_menu` (`menu_handler`, `type`, `rowid`, `mainmenu`, `leftmenu`, `fk_menu`, `url`, `titre`, `level`, `langs`, perms, `target`, `user`, position) values ('auguria', 'left', 3400__+MAX_llx_menu__, 'suppliers', '', 4__+MAX_llx_menu__, '/fourn/facture/index.php', 'Bills', 0, 'bills', '$user->rights->fournisseur->facture->lire', '', 2, 1);
insert into `llx_menu` (`menu_handler`, `type`, `rowid`, `mainmenu`, `leftmenu`, `fk_menu`, `url`, `titre`, `level`, `langs`, perms, `target`, `user`, position) values ('auguria', 'left', 3401__+MAX_llx_menu__, 'suppliers', '', 3400__+MAX_llx_menu__, '/fourn/facture/fiche.php?action=create', 'NewBill', 1, 'bills', '$user->rights->fournisseur->facture->creer', '', 2, 0);
insert into `llx_menu` (`menu_handler`, `type`, `rowid`, `mainmenu`, `leftmenu`, `fk_menu`, `url`, `titre`, `level`, `langs`, perms, `target`, `user`, position) values ('auguria', 'left', 3402__+MAX_llx_menu__, 'suppliers', '', 3400__+MAX_llx_menu__, '/fourn/facture/paiement.php', 'Payments', 1, 'bills', '$user->rights->fournisseur->facture->lire', '', 2, 1);
insert into `llx_menu` (`menu_handler`, `type`, `rowid`, `mainmenu`, `leftmenu`, `fk_menu`, `url`, `titre`, `level`, `langs`, perms, `target`, `user`, position) values ('auguria', 'left', 3500__+MAX_llx_menu__, 'suppliers', '', 4__+MAX_llx_menu__, '/fourn/commande/index.php?leftmenu=suppliers', 'Orders', 0, 'orders', '$user->rights->fournisseur->commande->lire', '', 2, 2);
insert into `llx_menu` (`menu_handler`, `type`, `rowid`, `mainmenu`, `leftmenu`, `fk_menu`, `url`, `titre`, `level`, `langs`, perms, `target`, `user`, position) values ('auguria', 'left', 3501__+MAX_llx_menu__, 'suppliers', '', 3500__+MAX_llx_menu__, '/societe.php?leftmenu=supplier', 'NewOrder', 1, 'orders', '$user->rights->fournisseur->commande->creer', '', 2, 0);
insert into `llx_menu` (`menu_handler`, `type`, `rowid`, `mainmenu`, `leftmenu`, `fk_menu`, `url`, `titre`, `level`, `langs`, perms, `target`, `user`, position) values ('auguria', 'left', 3502__+MAX_llx_menu__, 'suppliers', '', 3500__+MAX_llx_menu__, '/fourn/commande/liste.php?leftmenu=suppliers', 'List', 1, 'orders', '$user->rights->fournisseur->commande->lire', '', 2, 1);
insert into `llx_menu` (`menu_handler`, `type`, `rowid`, `mainmenu`, `leftmenu`, `fk_menu`, `url`, `titre`, `level`, `langs`, perms, `target`, `user`, position) values ('auguria', 'left', 4900__+MAX_llx_menu__, 'suppliers', '', 4__+MAX_llx_menu__, '/categories/index.php?leftmenu=cat&type=1', 'Categories', 0, 'categories', '$user->rights->categorie>lire', '', 2, 3);
insert into `llx_menu` (`menu_handler`, `type`, `rowid`, `mainmenu`, `leftmenu`, `fk_menu`, `url`, `titre`, `level`, `langs`, perms, `target`, `user`, position) values ('auguria', 'left', 4901__+MAX_llx_menu__, 'suppliers', '', 4900__+MAX_llx_menu__, '/categories/fiche.php?action=create&type=1', 'NewCat', 1, 'categories', '$user->rights->categorie>creer', '', 2, 0);

insert into `llx_menu` (`menu_handler`, `type`, `rowid`, `mainmenu`, `leftmenu`, `fk_menu`, `url`, `titre`, `level`, `langs`, perms, `target`, `user`, position) values ('auguria', 'left', 700__+MAX_llx_menu__, 'commercial', '', 5__+MAX_llx_menu__, '/comm/prospect/index.php?leftmenu=prospects', 'Prospects', 0, 'companies', '$user->rights->societe->lire', '', 0, 0);
insert into `llx_menu` (`menu_handler`, `type`, `rowid`, `mainmenu`, `leftmenu`, `fk_menu`, `url`, `titre`, `level`, `langs`, perms, `target`, `user`, position) values ('auguria', 'left', 701__+MAX_llx_menu__, 'commercial', '', 700__+MAX_llx_menu__, '/soc.php?leftmenu=prospects&action=create&type=c', 'MenuNewProspect', 1, 'companies', '$user->rights->societe->creer', '', 0, 0);
insert into `llx_menu` (`menu_handler`, `type`, `rowid`, `mainmenu`, `leftmenu`, `fk_menu`, `url`, `titre`, `level`, `langs`, perms, `target`, `user`, position) values ('auguria', 'left', 702__+MAX_llx_menu__, 'commercial', '', 700__+MAX_llx_menu__, '/comm/prospect/prospects.php?leftmenu=prospects', 'List', 1, 'companies', '$user->rights->societe->lire', '', 0, 1);
insert into `llx_menu` (`menu_handler`, `type`, `rowid`, `mainmenu`, `leftmenu`, `fk_menu`, `url`, `titre`, `level`, `langs`, perms, `target`, `user`, position) values ('auguria', 'left', 703__+MAX_llx_menu__, 'commercial', '', 702__+MAX_llx_menu__, '/comm/prospect/prospects.php?sortfield=s.datec&sortorder=desc&begin=&stcomm=-1', 'LastProspectDoNotContact', 2, 'companies', '$user->rights->societe->lire', '', 0, 0);
insert into `llx_menu` (`menu_handler`, `type`, `rowid`, `mainmenu`, `leftmenu`, `fk_menu`, `url`, `titre`, `level`, `langs`, perms, `target`, `user`, position) values ('auguria', 'left', 704__+MAX_llx_menu__, 'commercial', '', 702__+MAX_llx_menu__, '/comm/prospect/prospects.php?sortfield=s.datec&sortorder=desc&begin=&stcomm=0', 'LastProspectNeverContacted', 2, 'companies', '$user->rights->societe->lire', '', 0, 1);
insert into `llx_menu` (`menu_handler`, `type`, `rowid`, `mainmenu`, `leftmenu`, `fk_menu`, `url`, `titre`, `level`, `langs`, perms, `target`, `user`, position) values ('auguria', 'left', 705__+MAX_llx_menu__, 'commercial', '', 702__+MAX_llx_menu__, '/comm/prospect/prospects.php?sortfield=s.datec&sortorder=desc&begin=&stcomm=1', 'LastProspectToContact', 2, 'companies', '$user->rights->societe->lire', '', 0, 2);
insert into `llx_menu` (`menu_handler`, `type`, `rowid`, `mainmenu`, `leftmenu`, `fk_menu`, `url`, `titre`, `level`, `langs`, perms, `target`, `user`, position) values ('auguria', 'left', 706__+MAX_llx_menu__, 'commercial', '', 702__+MAX_llx_menu__, '/comm/prospect/prospects.php?sortfield=s.datec&sortorder=desc&begin=&stcomm=2', 'LastProspectContactInProcess', 2, 'companies', '$user->rights->societe->lire', '', 0, 3);
insert into `llx_menu` (`menu_handler`, `type`, `rowid`, `mainmenu`, `leftmenu`, `fk_menu`, `url`, `titre`, `level`, `langs`, perms, `target`, `user`, position) values ('auguria', 'left', 707__+MAX_llx_menu__, 'commercial', '', 702__+MAX_llx_menu__, '/comm/prospect/prospects.php?sortfield=s.datec&sortorder=desc&begin=&stcomm=3', 'LastProspectContactDone', 2, 'companies', '$user->rights->societe->lire', '', 0, 4);
insert into `llx_menu` (`menu_handler`, `type`, `rowid`, `mainmenu`, `leftmenu`, `fk_menu`, `url`, `titre`, `level`, `langs`, perms, `target`, `user`, position) values ('auguria', 'left', 708__+MAX_llx_menu__, 'commercial', '', 700__+MAX_llx_menu__, '/contact/index.php?leftmenu=prospects&type=p', 'Contacts', 1, 'companies', '$user->rights->societe->lire', '', 0, 2);
insert into `llx_menu` (`menu_handler`, `type`, `rowid`, `mainmenu`, `leftmenu`, `fk_menu`, `url`, `titre`, `level`, `langs`, perms, `target`, `user`, position) values ('auguria', 'left', 800__+MAX_llx_menu__, 'commercial', '', 5__+MAX_llx_menu__, '/comm/index.php?leftmenu=customers', 'Customers', 0, 'companies', '$user->rights->societe->lire', '', 0, 1);
insert into `llx_menu` (`menu_handler`, `type`, `rowid`, `mainmenu`, `leftmenu`, `fk_menu`, `url`, `titre`, `level`, `langs`, perms, `target`, `user`, position) values ('auguria', 'left', 801__+MAX_llx_menu__, 'commercial', '', 800__+MAX_llx_menu__, '/soc.php?leftmenu=customers&action=create&type=c', 'MenuNewCustomer', 1, 'companies', '$user->rights->societe->creer', '', 0, 0);
insert into `llx_menu` (`menu_handler`, `type`, `rowid`, `mainmenu`, `leftmenu`, `fk_menu`, `url`, `titre`, `level`, `langs`, perms, `target`, `user`, position) values ('auguria', 'left', 802__+MAX_llx_menu__, 'commercial', '', 800__+MAX_llx_menu__, '/comm/clients.php?leftmenu=customers', 'List', 1, 'companies', '$user->rights->societe->lire', '', 0, 1);
insert into `llx_menu` (`menu_handler`, `type`, `rowid`, `mainmenu`, `leftmenu`, `fk_menu`, `url`, `titre`, `level`, `langs`, perms, `target`, `user`, position) values ('auguria', 'left', 803__+MAX_llx_menu__, 'commercial', '', 800__+MAX_llx_menu__, '/contact/index.php?leftmenu=customers&type=c', 'Contacts', 1, 'companies', '$user->rights->societe->lire', '', 0, 2);
insert into `llx_menu` (`menu_handler`, `type`, `rowid`, `mainmenu`, `leftmenu`, `fk_menu`, `url`, `titre`, `level`, `langs`, perms, `target`, `user`, position) values ('auguria', 'left', 900__+MAX_llx_menu__, 'commercial', '', 5__+MAX_llx_menu__, '/contact/index.php?leftmenu=contacts', 'Contacts', 0, 'companies', '$user->rights->societe->lire', '', 0, 2);
insert into `llx_menu` (`menu_handler`, `type`, `rowid`, `mainmenu`, `leftmenu`, `fk_menu`, `url`, `titre`, `level`, `langs`, perms, `target`, `user`, position) values ('auguria', 'left', 901__+MAX_llx_menu__, 'commercial', '', 900__+MAX_llx_menu__, '/contact/fiche.php?leftmenu=contacts&action=create', 'NewContact', 1, 'companies', '$user->rights->societe->creer', '', 0, 0);
insert into `llx_menu` (`menu_handler`, `type`, `rowid`, `mainmenu`, `leftmenu`, `fk_menu`, `url`, `titre`, `level`, `langs`, perms, `target`, `user`, position) values ('auguria', 'left', 902__+MAX_llx_menu__, 'commercial', '', 900__+MAX_llx_menu__, '/contact/index.php?leftmenu=contacts&action=create', 'List', 1, 'companies', '$user->rights->societe->lire', '', 0, 1);
insert into `llx_menu` (`menu_handler`, `type`, `rowid`, `mainmenu`, `leftmenu`, `fk_menu`, `url`, `titre`, `level`, `langs`, perms, `target`, `user`, position) values ('auguria', 'left', 910__+MAX_llx_menu__, 'commercial', '', 902__+MAX_llx_menu__, '/contact/index.php?leftmenu=contacts&type=p', 'Prospects', 1, 'companies', '$user->rights->societe->lire', '', 0, 1);
insert into `llx_menu` (`menu_handler`, `type`, `rowid`, `mainmenu`, `leftmenu`, `fk_menu`, `url`, `titre`, `level`, `langs`, perms, `target`, `user`, position) values ('auguria', 'left', 911__+MAX_llx_menu__, 'commercial', '', 902__+MAX_llx_menu__, '/contact/index.php?leftmenu=contacts&type=c', 'Customers', 1, 'companies', '$user->rights->societe->lire', '', 0, 1);
insert into `llx_menu` (`menu_handler`, `type`, `rowid`, `mainmenu`, `leftmenu`, `fk_menu`, `url`, `titre`, `level`, `langs`, perms, `target`, `user`, position) values ('auguria', 'left', 912__+MAX_llx_menu__, 'commercial', '', 902__+MAX_llx_menu__, '/contact/index.php?leftmenu=contacts&type=f', 'Suppliers', 1, 'companies', '$user->rights->societe->lire', '', 0, 1);
insert into `llx_menu` (`menu_handler`, `type`, `rowid`, `mainmenu`, `leftmenu`, `fk_menu`, `url`, `titre`, `level`, `langs`, perms, `target`, `user`, position) values ('auguria', 'left', 913__+MAX_llx_menu__, 'commercial', '', 902__+MAX_llx_menu__, '/contact/index.php?leftmenu=contacts&type=o', 'Other', 1, 'companies', '$user->rights->societe->lire', '', 0, 1);
insert into `llx_menu` (`menu_handler`, `type`, `rowid`, `mainmenu`, `leftmenu`, `fk_menu`, `url`, `titre`, `level`, `langs`, perms, `target`, `user`, position) values ('auguria', 'left', 1100__+MAX_llx_menu__, 'commercial', '', 5__+MAX_llx_menu__, '/comm/propal.php?leftmenu=propals', 'Prop', 0, 'propal', '$user->rights->propale->lire', '', 2, 4);
insert into `llx_menu` (`menu_handler`, `type`, `rowid`, `mainmenu`, `leftmenu`, `fk_menu`, `url`, `titre`, `level`, `langs`, perms, `target`, `user`, position) values ('auguria', 'left', 1101__+MAX_llx_menu__, 'commercial', '', 1100__+MAX_llx_menu__, '/societe.php?leftmenu=propals', 'NewPropal', 1, 'propal', '$user->rights->propale->creer', '', 2, 0);
insert into `llx_menu` (`menu_handler`, `type`, `rowid`, `mainmenu`, `leftmenu`, `fk_menu`, `url`, `titre`, `level`, `langs`, perms, `target`, `user`, position) values ('auguria', 'left', 1102__+MAX_llx_menu__, 'commercial', '', 1100__+MAX_llx_menu__, '/comm/propal.php?viewstatut=0', 'PropalsDraft', 1, 'propal', '$user->rights->propale->lire', '', 2, 1);
insert into `llx_menu` (`menu_handler`, `type`, `rowid`, `mainmenu`, `leftmenu`, `fk_menu`, `url`, `titre`, `level`, `langs`, perms, `target`, `user`, position) values ('auguria', 'left', 1103__+MAX_llx_menu__, 'commercial', '', 1100__+MAX_llx_menu__, '/comm/propal.php?viewstatut=1', 'PropalsOpened', 1, 'propal', '$user->rights->propale->lire', '', 2, 2);
insert into `llx_menu` (`menu_handler`, `type`, `rowid`, `mainmenu`, `leftmenu`, `fk_menu`, `url`, `titre`, `level`, `langs`, perms, `target`, `user`, position) values ('auguria', 'left', 1104__+MAX_llx_menu__, 'commercial', '', 1100__+MAX_llx_menu__, '/comm/propal.php?viewstatut=2,3,4', 'PropalStatusClosedShort', 1, 'propal', '$user->rights->propale->lire', '', 2, 3);
insert into `llx_menu` (`menu_handler`, `type`, `rowid`, `mainmenu`, `leftmenu`, `fk_menu`, `url`, `titre`, `level`, `langs`, perms, `target`, `user`, position) values ('auguria', 'left', 1105__+MAX_llx_menu__, 'commercial', '', 1100__+MAX_llx_menu__, '/comm/propal/stats/index.php?leftmenu=propals', 'Statistics', 1, 'propal', '$user->rights->propale->lire', '', 2, 4);
insert into `llx_menu` (`menu_handler`, `type`, `rowid`, `mainmenu`, `leftmenu`, `fk_menu`, `url`, `titre`, `level`, `langs`, perms, `target`, `user`, position) values ('auguria', 'left', 1200__+MAX_llx_menu__, 'commercial', '', 5__+MAX_llx_menu__, '/commande/index.php?leftmenu=orders', 'Orders', 0, 'orders', '$user->rights->commande->lire', '', 2, 5);
insert into `llx_menu` (`menu_handler`, `type`, `rowid`, `mainmenu`, `leftmenu`, `fk_menu`, `url`, `titre`, `level`, `langs`, perms, `target`, `user`, position) values ('auguria', 'left', 1201__+MAX_llx_menu__, 'commercial', '', 1200__+MAX_llx_menu__, '/societe.php?leftmenu=orders', 'NewOrder', 1, 'orders', '$user->rights->commande->creer', '', 2, 0);
insert into `llx_menu` (`menu_handler`, `type`, `rowid`, `mainmenu`, `leftmenu`, `fk_menu`, `url`, `titre`, `level`, `langs`, perms, `target`, `user`, position) values ('auguria', 'left', 1202__+MAX_llx_menu__, 'commercial', '', 1200__+MAX_llx_menu__, '/commande/liste.php?leftmenu=orders&viewstatut=0', 'StatusOrderDraftShort', 1, 'orders', '$user->rights->commande->lire', '', 2, 1);
insert into `llx_menu` (`menu_handler`, `type`, `rowid`, `mainmenu`, `leftmenu`, `fk_menu`, `url`, `titre`, `level`, `langs`, perms, `target`, `user`, position) values ('auguria', 'left', 1203__+MAX_llx_menu__, 'commercial', '', 1200__+MAX_llx_menu__, '/commande/liste.php?leftmenu=orders&viewstatut=1', 'StatusOrderValidated', 1, 'orders', '$user->rights->commande->lire', '', 2, 2);
insert into `llx_menu` (`menu_handler`, `type`, `rowid`, `mainmenu`, `leftmenu`, `fk_menu`, `url`, `titre`, `level`, `langs`, perms, `target`, `user`, position) values ('auguria', 'left', 1204__+MAX_llx_menu__, 'commercial', '', 1200__+MAX_llx_menu__, '/commande/liste.php?leftmenu=orders&viewstatut=2', 'StatusOrderOnProcessShort', 1, 'orders', '$user->rights->commande->lire', '', 2, 3);
insert into `llx_menu` (`menu_handler`, `type`, `rowid`, `mainmenu`, `leftmenu`, `fk_menu`, `url`, `titre`, `level`, `langs`, perms, `target`, `user`, position) values ('auguria', 'left', 1205__+MAX_llx_menu__, 'commercial', '', 1200__+MAX_llx_menu__, '/commande/liste.php?leftmenu=orders&viewstatut=3', 'StatusOrderToBill', 1, 'orders', '$user->rights->commande->lire', '', 2, 4);
insert into `llx_menu` (`menu_handler`, `type`, `rowid`, `mainmenu`, `leftmenu`, `fk_menu`, `url`, `titre`, `level`, `langs`, perms, `target`, `user`, position) values ('auguria', 'left', 1206__+MAX_llx_menu__, 'commercial', '', 1200__+MAX_llx_menu__, '/commande/liste.php?leftmenu=orders&viewstatut=4', 'StatusOrderProcessed', 1, 'orders', '$user->rights->commande->lire', '', 2, 5);
insert into `llx_menu` (`menu_handler`, `type`, `rowid`, `mainmenu`, `leftmenu`, `fk_menu`, `url`, `titre`, `level`, `langs`, perms, `target`, `user`, position) values ('auguria', 'left', 1207__+MAX_llx_menu__, 'commercial', '', 1200__+MAX_llx_menu__, '/commande/liste.php?leftmenu=orders&viewstatut=-1', 'StatusOrderCanceledShort', 1, 'orders', '$user->rights->commande->lire', '', 2, 6);
insert into `llx_menu` (`menu_handler`, `type`, `rowid`, `mainmenu`, `leftmenu`, `fk_menu`, `url`, `titre`, `level`, `langs`, perms, `target`, `user`, position) values ('auguria', 'left', 1208__+MAX_llx_menu__, 'commercial', '', 1200__+MAX_llx_menu__, '/commande/stats/index.php?leftmenu=orders', 'Statistics', 1, 'orders', '$user->rights->commande->lire', '', 2, 7);
insert into `llx_menu` (`menu_handler`, `type`, `rowid`, `mainmenu`, `leftmenu`, `fk_menu`, `url`, `titre`, `level`, `langs`, perms, `target`, `user`, position) values ('auguria', 'left', 1300__+MAX_llx_menu__, 'commercial', '', 5__+MAX_llx_menu__, '/expedition/index.php?leftmenu=sendings', 'Sendings', 0, 'orders', '$user->rights->expedition->lire', '', 2, 6);
insert into `llx_menu` (`menu_handler`, `type`, `rowid`, `mainmenu`, `leftmenu`, `fk_menu`, `url`, `titre`, `level`, `langs`, perms, `target`, `user`, position) values ('auguria', 'left', 1301__+MAX_llx_menu__, 'commercial', '', 1300__+MAX_llx_menu__, '/expedition/liste.php?leftmenu=sendings', 'List', 1, 'orders', '$user->rights->expedition->lire', '', 2, 0);
insert into `llx_menu` (`menu_handler`, `type`, `rowid`, `mainmenu`, `leftmenu`, `fk_menu`, `url`, `titre`, `level`, `langs`, perms, `target`, `user`, position) values ('auguria', 'left', 1302__+MAX_llx_menu__, 'commercial', '', 1300__+MAX_llx_menu__, '/expedition/stats/index.php?leftmenu=sendings', 'Statistics', 1, 'orders', '$user->rights->expedition->lire', '', 2, 1);
insert into `llx_menu` (`menu_handler`, `type`, `rowid`, `mainmenu`, `leftmenu`, `fk_menu`, `url`, `titre`, `level`, `langs`, perms, `target`, `user`, position) values ('auguria', 'left', 1400__+MAX_llx_menu__, 'commercial', '', 5__+MAX_llx_menu__, '/contrat/index.php?leftmenu=contracts', 'Contracts', 0, 'contracts', '$user->rights->contrat->lire', '', 2, 7);
insert into `llx_menu` (`menu_handler`, `type`, `rowid`, `mainmenu`, `leftmenu`, `fk_menu`, `url`, `titre`, `level`, `langs`, perms, `target`, `user`, position) values ('auguria', 'left', 1401__+MAX_llx_menu__, 'commercial', '', 1400__+MAX_llx_menu__, '/societe.php?leftmenu=contracts', 'NewContract', 1, 'contracts', '$user->rights->contrat->creer', '', 2, 0);
insert into `llx_menu` (`menu_handler`, `type`, `rowid`, `mainmenu`, `leftmenu`, `fk_menu`, `url`, `titre`, `level`, `langs`, perms, `target`, `user`, position) values ('auguria', 'left', 1402__+MAX_llx_menu__, 'commercial', '', 1400__+MAX_llx_menu__, '/contrat/liste.php?leftmenu=contracts', 'List', 1, 'contracts', '$user->rights->contrat->lire', '', 2, 1);
insert into `llx_menu` (`menu_handler`, `type`, `rowid`, `mainmenu`, `leftmenu`, `fk_menu`, `url`, `titre`, `level`, `langs`, perms, `target`, `user`, position) values ('auguria', 'left', 1403__+MAX_llx_menu__, 'commercial', '', 1400__+MAX_llx_menu__, '/contrat/services.php?leftmenu=contracts', 'MenuServices', 1, 'contracts', '$user->rights->contrat->lire', '', 2, 2);
insert into `llx_menu` (`menu_handler`, `type`, `rowid`, `mainmenu`, `leftmenu`, `fk_menu`, `url`, `titre`, `level`, `langs`, perms, `target`, `user`, position) values ('auguria', 'left', 1404__+MAX_llx_menu__, 'commercial', '', 1402__+MAX_llx_menu__, '/contrat/services.php?leftmenu=contracts&mode=0', 'MenuInactiveServices', 2, 'contracts', '$user->rights->contrat->lire', '', 2, 0);
insert into `llx_menu` (`menu_handler`, `type`, `rowid`, `mainmenu`, `leftmenu`, `fk_menu`, `url`, `titre`, `level`, `langs`, perms, `target`, `user`, position) values ('auguria', 'left', 1405__+MAX_llx_menu__, 'commercial', '', 1402__+MAX_llx_menu__, '/contrat/services.php?leftmenu=contracts&mode=4', 'MenuRunningServices', 2, 'contracts', '$user->rights->contrat->lire', '', 2, 1);
insert into `llx_menu` (`menu_handler`, `type`, `rowid`, `mainmenu`, `leftmenu`, `fk_menu`, `url`, `titre`, `level`, `langs`, perms, `target`, `user`, position) values ('auguria', 'left', 1406__+MAX_llx_menu__, 'commercial', '', 1402__+MAX_llx_menu__, '/contrat/services.php?leftmenu=contracts&mode=4&filter=expired', 'MenuExpiredServices', 2, 'contracts', '$user->rights->contrat->lire', '', 2, 2);
insert into `llx_menu` (`menu_handler`, `type`, `rowid`, `mainmenu`, `leftmenu`, `fk_menu`, `url`, `titre`, `level`, `langs`, perms, `target`, `user`, position) values ('auguria', 'left', 1407__+MAX_llx_menu__, 'commercial', '', 1402__+MAX_llx_menu__, '/contrat/services.php?leftmenu=contracts&mode=5', 'MenuClosedServices', 2, 'contracts', '$user->rights->contrat->lire', '', 2, 3);
insert into `llx_menu` (`menu_handler`, `type`, `rowid`, `mainmenu`, `leftmenu`, `fk_menu`, `url`, `titre`, `level`, `langs`, perms, `target`, `user`, position) values ('auguria', 'left', 1500__+MAX_llx_menu__, 'commercial', '', 5__+MAX_llx_menu__, '/fichinter/index.php?leftmenu=ficheinter', 'Interventions', 0, 'interventions', '$user->rights->ficheinter->lire', '', 2, 8);
insert into `llx_menu` (`menu_handler`, `type`, `rowid`, `mainmenu`, `leftmenu`, `fk_menu`, `url`, `titre`, `level`, `langs`, perms, `target`, `user`, position) values ('auguria', 'left', 1501__+MAX_llx_menu__, 'commercial', '', 1500__+MAX_llx_menu__, '/fichinter/fiche.php?action=create&leftmenu=ficheinter', 'NewIntervention', 1, 'interventions', '$user->rights->ficheinter->creer', '', 2, 0);
insert into `llx_menu` (`menu_handler`, `type`, `rowid`, `mainmenu`, `leftmenu`, `fk_menu`, `url`, `titre`, `level`, `langs`, perms, `target`, `user`, position) values ('auguria', 'left', 1502__+MAX_llx_menu__, 'commercial', '', 1500__+MAX_llx_menu__, '/fichinter/index.php?leftmenu=ficheinter', 'List', 1, 'interventions', '$user->rights->ficheinter->lire', '', 2, 1);

insert into `llx_menu` (`menu_handler`, `type`, `rowid`, `mainmenu`, `leftmenu`, `fk_menu`, `url`, `titre`, `level`, `langs`, perms, `target`, `user`, position) values ('auguria', 'left', 1600__+MAX_llx_menu__, 'accountancy', '', 6__+MAX_llx_menu__, '/compta/index.php?leftmenu=suppliers', 'Suppliers', 0, 'companies', '$user->rights->societe->lire && $user->rights->fournisseur->lire', '', 2, 0);
insert into `llx_menu` (`menu_handler`, `type`, `rowid`, `mainmenu`, `leftmenu`, `fk_menu`, `url`, `titre`, `level`, `langs`, perms, `target`, `user`, position) values ('auguria', 'left', 1601__+MAX_llx_menu__, 'accountancy', '', 1600__+MAX_llx_menu__, '/soc.php?leftmenu=suppliers&action=create&type=f', 'NewSupplier', 1, 'companies', '$user->rights->societe->creer && $user->rights->fournisseur->lire', '', 2, 0);
insert into `llx_menu` (`menu_handler`, `type`, `rowid`, `mainmenu`, `leftmenu`, `fk_menu`, `url`, `titre`, `level`, `langs`, perms, `target`, `user`, position) values ('auguria', 'left', 1602__+MAX_llx_menu__, 'accountancy', '', 1600__+MAX_llx_menu__, '/fourn/liste.php?leftmenu=suppliers', 'List', 1, 'companies', '$user->rights->societe->lire && $user->rights->fournisseur->lire', '', 2, 1);
insert into `llx_menu` (`menu_handler`, `type`, `rowid`, `mainmenu`, `leftmenu`, `fk_menu`, `url`, `titre`, `level`, `langs`, perms, `target`, `user`, position) values ('auguria', 'left', 1603__+MAX_llx_menu__, 'accountancy', '', 1600__+MAX_llx_menu__, '/contact/index.php?leftmenu=suppliers&type=f', 'Contacts', 1, 'companies', '$user->rights->societe->lire && $user->rights->fournisseur->lire', '', 2, 2);
insert into `llx_menu` (`menu_handler`, `type`, `rowid`, `mainmenu`, `leftmenu`, `fk_menu`, `url`, `titre`, `level`, `langs`, perms, `target`, `user`, position) values ('auguria', 'left', 1604__+MAX_llx_menu__, 'accountancy', '', 1600__+MAX_llx_menu__, '/fourn/facture/index.php?leftmenu=suppliers_bills', 'BillsSuppliers', 1, 'bills', '$user->rights->fournisseur->facture->lire', '', 2, 3);
insert into `llx_menu` (`menu_handler`, `type`, `rowid`, `mainmenu`, `leftmenu`, `fk_menu`, `url`, `titre`, `level`, `langs`, perms, `target`, `user`, position) values ('auguria', 'left', 1605__+MAX_llx_menu__, 'accountancy', '', 1604__+MAX_llx_menu__, '/fourn/facture/fiche.php?action=create', 'NewBill', 2, 'bills', '$user->rights->fournisseur->facture->creer', '', 2, 0);
insert into `llx_menu` (`menu_handler`, `type`, `rowid`, `mainmenu`, `leftmenu`, `fk_menu`, `url`, `titre`, `level`, `langs`, perms, `target`, `user`, position) values ('auguria', 'left', 1606__+MAX_llx_menu__, 'accountancy', '', 1604__+MAX_llx_menu__, '/fourn/facture/impayees.php', 'Unpayed', 2, 'bills', '$user->rights->fournisseur->facture->lire', '', 2, 1);
insert into `llx_menu` (`menu_handler`, `type`, `rowid`, `mainmenu`, `leftmenu`, `fk_menu`, `url`, `titre`, `level`, `langs`, perms, `target`, `user`, position) values ('auguria', 'left', 1607__+MAX_llx_menu__, 'accountancy', '', 1604__+MAX_llx_menu__, '/fourn/facture/paiement.php', 'Payments', 2, 'bills', '$user->rights->fournisseur->facture->lire', '', 2, 2);
insert into `llx_menu` (`menu_handler`, `type`, `rowid`, `mainmenu`, `leftmenu`, `fk_menu`, `url`, `titre`, `level`, `langs`, perms, `target`, `user`, position) values ('auguria', 'left', 1700__+MAX_llx_menu__, 'accountancy', '', 6__+MAX_llx_menu__, '/compta/index.php?leftmenu=customers', 'Customers', 0, 'companies', '$user->rights->societe->lire', '', 2, 1);
insert into `llx_menu` (`menu_handler`, `type`, `rowid`, `mainmenu`, `leftmenu`, `fk_menu`, `url`, `titre`, `level`, `langs`, perms, `target`, `user`, position) values ('auguria', 'left', 1701__+MAX_llx_menu__, 'accountancy', '', 1700__+MAX_llx_menu__, '/soc.php?leftmenu=customers&action=create&type=c', 'MenuNewCustomer', 1, 'companies', '$user->rights->societe->creer', '', 2, 0);
insert into `llx_menu` (`menu_handler`, `type`, `rowid`, `mainmenu`, `leftmenu`, `fk_menu`, `url`, `titre`, `level`, `langs`, perms, `target`, `user`, position) values ('auguria', 'left', 1702__+MAX_llx_menu__, 'accountancy', '', 1700__+MAX_llx_menu__, '/compta/clients.php?leftmenu=customers', 'List', 1, 'companies', '$user->rights->societe->lire', '', 2, 1);
insert into `llx_menu` (`menu_handler`, `type`, `rowid`, `mainmenu`, `leftmenu`, `fk_menu`, `url`, `titre`, `level`, `langs`, perms, `target`, `user`, position) values ('auguria', 'left', 1703__+MAX_llx_menu__, 'accountancy', '', 1700__+MAX_llx_menu__, '/contact/index.php?leftmenu=customers&type=c', 'Contacts', 1, 'companies', '$user->rights->societe->lire && $user->rights->fournisseur->lire', '', 2, 2);
insert into `llx_menu` (`menu_handler`, `type`, `rowid`, `mainmenu`, `leftmenu`, `fk_menu`, `url`, `titre`, `level`, `langs`, perms, `target`, `user`, position) values ('auguria', 'left', 1704__+MAX_llx_menu__, 'accountancy', '', 1700__+MAX_llx_menu__, '/compta/facture.php?leftmenu=customers_bills', 'BillsCustomers', 1, 'bills', '$user->rights->facture->lire', '', 2, 3);
insert into `llx_menu` (`menu_handler`, `type`, `rowid`, `mainmenu`, `leftmenu`, `fk_menu`, `url`, `titre`, `level`, `langs`, perms, `target`, `user`, position) values ('auguria', 'left', 1705__+MAX_llx_menu__, 'accountancy', '', 1704__+MAX_llx_menu__, '/compta/clients.php?action=facturer&leftmenu=customers_bills', 'NewBill', 2, 'bills', '$user->rights->facture->creer', '', 2, 3);
insert into `llx_menu` (`menu_handler`, `type`, `rowid`, `mainmenu`, `leftmenu`, `fk_menu`, `url`, `titre`, `level`, `langs`, perms, `target`, `user`, position) values ('auguria', 'left', 1706__+MAX_llx_menu__, 'accountancy', '', 1704__+MAX_llx_menu__, '/compta/facture/fiche-rec.php?leftmenu=customers_bills', 'Repeatable', 2, 'bills', '$user->rights->facture->lire', '', 2, 4);
insert into `llx_menu` (`menu_handler`, `type`, `rowid`, `mainmenu`, `leftmenu`, `fk_menu`, `url`, `titre`, `level`, `langs`, perms, `target`, `user`, position) values ('auguria', 'left', 1707__+MAX_llx_menu__, 'accountancy', '', 1704__+MAX_llx_menu__, '/compta/facture/impayees.php?action=facturer&leftmenu=customers_bills', 'Unpayed', 2, 'bills', '$user->rights->facture->lire', '', 2, 5);
insert into `llx_menu` (`menu_handler`, `type`, `rowid`, `mainmenu`, `leftmenu`, `fk_menu`, `url`, `titre`, `level`, `langs`, perms, `target`, `user`, position) values ('auguria', 'left', 1708__+MAX_llx_menu__, 'accountancy', '', 1704__+MAX_llx_menu__, '/compta/paiement/liste.php?leftmenu=customers_bills_payments', 'Payments', 2, 'bills', '$user->rights->facture->lire', '', 2, 6);
insert into `llx_menu` (`menu_handler`, `type`, `rowid`, `mainmenu`, `leftmenu`, `fk_menu`, `url`, `titre`, `level`, `langs`, perms, `target`, `user`, position) values ('auguria', 'left', 1710__+MAX_llx_menu__, 'accountancy', '', 1708__+MAX_llx_menu__, '/compta/paiement/rapport.php?leftmenu=customers_bills_payments', 'Reportings', 3, 'bills', '$user->rights->facture->lire', '', 2, 1);
insert into `llx_menu` (`menu_handler`, `type`, `rowid`, `mainmenu`, `leftmenu`, `fk_menu`, `url`, `titre`, `level`, `langs`, perms, `target`, `user`, position) values ('auguria', 'left', 1711__+MAX_llx_menu__, 'accountancy', '', 6__+MAX_llx_menu__, '/compta/paiement/cheque/index.php?leftmenu=checks', 'MenuChequeDeposits', 0, 'bills', '$user->rights->facture->lire', '', 2, 1);
insert into `llx_menu` (`menu_handler`, `type`, `rowid`, `mainmenu`, `leftmenu`, `fk_menu`, `url`, `titre`, `level`, `langs`, perms, `target`, `user`, position) values ('auguria', 'left', 1712__+MAX_llx_menu__, 'accountancy', '', 1711__+MAX_llx_menu__, '/compta/paiement/cheque/fiche.php?leftmenu=checks&action=new', 'NewCheckDeposit', 1, 'bills', '$user->rights->facture->lire', '', 2, 0);
insert into `llx_menu` (`menu_handler`, `type`, `rowid`, `mainmenu`, `leftmenu`, `fk_menu`, `url`, `titre`, `level`, `langs`, perms, `target`, `user`, position) values ('auguria', 'left', 1713__+MAX_llx_menu__, 'accountancy', '', 1711__+MAX_llx_menu__, '/compta/paiement/cheque/liste.php?leftmenu=checks', 'MenuChequesReceipts', 1, 'bills', '$user->rights->facture->lire', '', 2, 1);
insert into `llx_menu` (`menu_handler`, `type`, `rowid`, `mainmenu`, `leftmenu`, `fk_menu`, `url`, `titre`, `level`, `langs`, perms, `target`, `user`, position) values ('auguria', 'left', 1714__+MAX_llx_menu__, 'accountancy', '', 1704__+MAX_llx_menu__, '/compta/facture/stats/index.php?leftmenu=customers_bills', 'Statistics', 2, 'bills', '$user->rights->facture->lire', '', 2, 8);
insert into `llx_menu` (`menu_handler`, `type`, `rowid`, `mainmenu`, `leftmenu`, `fk_menu`, `url`, `titre`, `level`, `langs`, perms, `target`, `user`, position) values ('auguria', 'left', 1715__+MAX_llx_menu__, 'accountancy', '', 1700__+MAX_llx_menu__, '/compta/paiement/cheque/index.php', 'CheckReceipt', 1, 'bills', '$user->rights->banque->cheque', '', 1, 4);
insert into `llx_menu` (`menu_handler`, `type`, `rowid`, `mainmenu`, `leftmenu`, `fk_menu`, `url`, `titre`, `level`, `langs`, perms, `target`, `user`, position) values ('auguria', 'left', 1716__+MAX_llx_menu__, 'accountancy', '', 1704__+MAX_llx_menu__, '/compta/paiement/cheque/fiche.php?action=new', 'New', 2, 'bills', '$user->rights->banque->cheque', '', 1, 9);
insert into `llx_menu` (`menu_handler`, `type`, `rowid`, `mainmenu`, `leftmenu`, `fk_menu`, `url`, `titre`, `level`, `langs`, perms, `target`, `user`, position) values ('auguria', 'left', 1717__+MAX_llx_menu__, 'accountancy', '', 1704__+MAX_llx_menu__, '/compta/paiement/cheque/liste.php', 'List', 2, 'bills', '$user->rights->banque->cheque', '', 1, 10);
insert into `llx_menu` (`menu_handler`, `type`, `rowid`, `mainmenu`, `leftmenu`, `fk_menu`, `url`, `titre`, `level`, `langs`, perms, `target`, `user`, position) values ('auguria', 'left', 1800__+MAX_llx_menu__, 'accountancy', '', 6__+MAX_llx_menu__, '/compta/propal.php', 'Prop', 0, 'propal', '$user->rights->propale->lire', '', 2, 2);
insert into `llx_menu` (`menu_handler`, `type`, `rowid`, `mainmenu`, `leftmenu`, `fk_menu`, `url`, `titre`, `level`, `langs`, perms, `target`, `user`, position) values ('auguria', 'left', 1900__+MAX_llx_menu__, 'accountancy', '', 6__+MAX_llx_menu__, '/compta/commande/liste.php?leftmenu=orders&status=3&afacturer=1', 'MenuOrdersToBill', 0, 'orders', '$user->rights->commande->lire', '', 0, 3);
insert into `llx_menu` (`menu_handler`, `type`, `rowid`, `mainmenu`, `leftmenu`, `fk_menu`, `url`, `titre`, `level`, `langs`, perms, `target`, `user`, position) values ('auguria', 'left', 2000__+MAX_llx_menu__, 'accountancy', '', 6__+MAX_llx_menu__, '/compta/dons/index.php?leftmenu=donations&mainmenu=accountancy', 'Donations', 0, 'donations', '$user->rights->don->lire', '', 2, 4);
insert into `llx_menu` (`menu_handler`, `type`, `rowid`, `mainmenu`, `leftmenu`, `fk_menu`, `url`, `titre`, `level`, `langs`, perms, `target`, `user`, position) values ('auguria', 'left', 2001__+MAX_llx_menu__, 'accountancy', '', 2000__+MAX_llx_menu__, '/compta/dons/fiche.php?action=create', 'NewDonation', 1, 'donations', '$user->rights->don->creer', '', 2, 0);
insert into `llx_menu` (`menu_handler`, `type`, `rowid`, `mainmenu`, `leftmenu`, `fk_menu`, `url`, `titre`, `level`, `langs`, perms, `target`, `user`, position) values ('auguria', 'left', 2002__+MAX_llx_menu__, 'accountancy', '', 2000__+MAX_llx_menu__, '/compta/dons/liste.php?action=create', 'List', 1, 'donations', '$user->rights->don->lire', '', 2, 1);
insert into `llx_menu` (`menu_handler`, `type`, `rowid`, `mainmenu`, `leftmenu`, `fk_menu`, `url`, `titre`, `level`, `langs`, perms, `target`, `user`, position) values ('auguria', 'left', 2003__+MAX_llx_menu__, 'accountancy', '', 2000__+MAX_llx_menu__, '/compta/dons/stats.php', 'Statistics', 1, 'donations', '$user->rights->don->lire', '', 2, 2);
insert into `llx_menu` (`menu_handler`, `type`, `rowid`, `mainmenu`, `leftmenu`, `fk_menu`, `url`, `titre`, `level`, `langs`, perms, `target`, `user`, position) values ('auguria', 'left', 2100__+MAX_llx_menu__, 'accountancy', '', 6__+MAX_llx_menu__, '/compta/deplacement/index.php?leftmenu=tripsandexpenses', 'TripsAndExpenses', 0, 'trips', '$user->rights->deplacement->lire', '', 0, 5);
insert into `llx_menu` (`menu_handler`, `type`, `rowid`, `mainmenu`, `leftmenu`, `fk_menu`, `url`, `titre`, `level`, `langs`, perms, `target`, `user`, position) values ('auguria', 'left', 2101__+MAX_llx_menu__, 'accountancy', '', 2100__+MAX_llx_menu__, '/compta/deplacement/fiche.php?action=create&leftmenu=tripsandexpenses', 'New', 1, 'trips', '$user->rights->deplacement->creer', '', 0, 1);
insert into `llx_menu` (`menu_handler`, `type`, `rowid`, `mainmenu`, `leftmenu`, `fk_menu`, `url`, `titre`, `level`, `langs`, perms, `target`, `user`, position) values ('auguria', 'left', 2102__+MAX_llx_menu__, 'accountancy', '', 2100__+MAX_llx_menu__, '/compta/deplacement/index.php?leftmenu=tripsandexpenses', 'List', 1, 'trips', '$user->rights->deplacement->lire', '', 0, 2);
insert into `llx_menu` (`menu_handler`, `type`, `rowid`, `mainmenu`, `leftmenu`, `fk_menu`, `url`, `titre`, `level`, `langs`, perms, `target`, `user`, position) values ('auguria', 'left', 2200__+MAX_llx_menu__, 'accountancy', '', 6__+MAX_llx_menu__, '/compta/charges/index.php?leftmenu=tax&mainmenu=accountancy', 'MenuTaxAndDividends', 0, 'compta', '$user->rights->tax->charges->lire', '', 0, 6);
insert into `llx_menu` (`menu_handler`, `type`, `rowid`, `mainmenu`, `leftmenu`, `fk_menu`, `url`, `titre`, `level`, `langs`, perms, `target`, `user`, position) values ('auguria', 'left', 2201__+MAX_llx_menu__, 'accountancy', '', 2200__+MAX_llx_menu__, '/compta/sociales/index.php?leftmenu=tax_social', 'SocialContributions', 1, '', '$user->rights->tax->charges->lire', '', 0, 1);
insert into `llx_menu` (`menu_handler`, `type`, `rowid`, `mainmenu`, `leftmenu`, `fk_menu`, `url`, `titre`, `level`, `langs`, perms, `target`, `user`, position) values ('auguria', 'left', 2202__+MAX_llx_menu__, 'accountancy', '', 2201__+MAX_llx_menu__, '/compta/sociales/charges.php?leftmenu=tax_social&action=create', 'MenuNewSocialContribution', 2, '', '$user->rights->tax->charges->creer', '', 0, 2);
insert into `llx_menu` (`menu_handler`, `type`, `rowid`, `mainmenu`, `leftmenu`, `fk_menu`, `url`, `titre`, `level`, `langs`, perms, `target`, `user`, position) values ('auguria', 'left', 2203__+MAX_llx_menu__, 'accountancy', '', 2201__+MAX_llx_menu__, '/compta/sociales/index.php?leftmenu=tax_social', 'List', 2, '', '$user->rights->tax->charges->lire', '', 0, 3);
insert into `llx_menu` (`menu_handler`, `type`, `rowid`, `mainmenu`, `leftmenu`, `fk_menu`, `url`, `titre`, `level`, `langs`, perms, `target`, `user`, position) values ('auguria', 'left', 2300__+MAX_llx_menu__, 'accountancy', '', 2200__+MAX_llx_menu__, '/compta/tva/index.php?leftmenu=tax_vat&mainmenu=accountancy', 'VAT', 1, 'companies', '$user->rights->tax->charges->lire', '', 0, 7);
insert into `llx_menu` (`menu_handler`, `type`, `rowid`, `mainmenu`, `leftmenu`, `fk_menu`, `url`, `titre`, `level`, `langs`, perms, `target`, `user`, position) values ('auguria', 'left', 2301__+MAX_llx_menu__, 'accountancy', '', 2300__+MAX_llx_menu__, '/compta/tva/fiche.php?leftmenu=tax_vat&action=create', 'NewPayment', 2, 'companies', '$user->rights->tax->charges->creer', '', 0, 0);
insert into `llx_menu` (`menu_handler`, `type`, `rowid`, `mainmenu`, `leftmenu`, `fk_menu`, `url`, `titre`, `level`, `langs`, perms, `target`, `user`, position) values ('auguria', 'left', 2302__+MAX_llx_menu__, 'accountancy', '', 2300__+MAX_llx_menu__, '/compta/tva/reglement.php?leftmenu=tax_vat', 'List', 2, 'companies', '$user->rights->tax->charges->lire', '', 0, 1);
insert into `llx_menu` (`menu_handler`, `type`, `rowid`, `mainmenu`, `leftmenu`, `fk_menu`, `url`, `titre`, `level`, `langs`, perms, `target`, `user`, position) values ('auguria', 'left', 2303__+MAX_llx_menu__, 'accountancy', '', 2300__+MAX_llx_menu__, '/compta/tva/clients.php?leftmenu=tax_vat', 'ReportByCustomers', 2, 'companies', '$user->rights->tax->charges->lire', '', 0, 2);
insert into `llx_menu` (`menu_handler`, `type`, `rowid`, `mainmenu`, `leftmenu`, `fk_menu`, `url`, `titre`, `level`, `langs`, perms, `target`, `user`, position) values ('auguria', 'left', 2304__+MAX_llx_menu__, 'accountancy', '', 2300__+MAX_llx_menu__, '/compta/tva/quadri_detail.php?leftmenu=tax_vat', 'ReportByQuarter', 2, 'companies', '$user->rights->tax->charges->lire', '', 0, 3);
insert into `llx_menu` (`menu_handler`, `type`, `rowid`, `mainmenu`, `leftmenu`, `fk_menu`, `url`, `titre`, `level`, `langs`, perms, `target`, `user`, position) values ('auguria', 'left', 2400__+MAX_llx_menu__, 'accountancy', '', 6__+MAX_llx_menu__, '/compta/ventilation/index.php?leftmenu=ventil', 'Ventilation', 0, 'companies', '$user->rights->compta->ventilation->lire', '', 0, 8);
insert into `llx_menu` (`menu_handler`, `type`, `rowid`, `mainmenu`, `leftmenu`, `fk_menu`, `url`, `titre`, `level`, `langs`, perms, `target`, `user`, position) values ('auguria', 'left', 2401__+MAX_llx_menu__, 'accountancy', '', 2400__+MAX_llx_menu__, '/compta/ventilation/liste.php', 'A ventiler', 1, 'companies', '$user->rights->compta->ventilation->lire', '', 0, 0);
insert into `llx_menu` (`menu_handler`, `type`, `rowid`, `mainmenu`, `leftmenu`, `fk_menu`, `url`, `titre`, `level`, `langs`, perms, `target`, `user`, position) values ('auguria', 'left', 2402__+MAX_llx_menu__, 'accountancy', '', 2400__+MAX_llx_menu__, '/compta/ventilation/lignes.php', 'Ventilées', 1, 'companies', '$user->rights->compta->ventilation->lire', '', 0, 1);
insert into `llx_menu` (`menu_handler`, `type`, `rowid`, `mainmenu`, `leftmenu`, `fk_menu`, `url`, `titre`, `level`, `langs`, perms, `target`, `user`, position) values ('auguria', 'left', 2403__+MAX_llx_menu__, 'accountancy', '', 2400__+MAX_llx_menu__, '/compta/param/', 'Setup', 1, 'companies', '$user->rights->compta->ventilation->parametrer', '', 0, 2);
insert into `llx_menu` (`menu_handler`, `type`, `rowid`, `mainmenu`, `leftmenu`, `fk_menu`, `url`, `titre`, `level`, `langs`, perms, `target`, `user`, position) values ('auguria', 'left', 2404__+MAX_llx_menu__, 'accountancy', '', 2403__+MAX_llx_menu__, '/compta/param/comptes/liste.php', 'List', 2, 'companies', '$user->rights->compta->ventilation->parametrer', '', 0, 0);
insert into `llx_menu` (`menu_handler`, `type`, `rowid`, `mainmenu`, `leftmenu`, `fk_menu`, `url`, `titre`, `level`, `langs`, perms, `target`, `user`, position) values ('auguria', 'left', 2405__+MAX_llx_menu__, 'accountancy', '', 2403__+MAX_llx_menu__, '/compta/param/comptes/fiche.php?action=create', 'New', 2, 'companies', '$user->rights->compta->ventilation->parametrer', '', 0, 1);
insert into `llx_menu` (`menu_handler`, `type`, `rowid`, `mainmenu`, `leftmenu`, `fk_menu`, `url`, `titre`, `level`, `langs`, perms, `target`, `user`, position) values ('auguria', 'left', 2406__+MAX_llx_menu__, 'accountancy', '', 2400__+MAX_llx_menu__, '/compta/export/', 'Export', 1, 'companies', '$user->rights->compta->ventilation->lire', '', 0, 3);
insert into `llx_menu` (`menu_handler`, `type`, `rowid`, `mainmenu`, `leftmenu`, `fk_menu`, `url`, `titre`, `level`, `langs`, perms, `target`, `user`, position) values ('auguria', 'left', 2407__+MAX_llx_menu__, 'accountancy', '', 2406__+MAX_llx_menu__, '/compta/export/index.php', 'New', 2, 'companies', '$user->rights->compta->ventilation->lire', '', 0, 0);
insert into `llx_menu` (`menu_handler`, `type`, `rowid`, `mainmenu`, `leftmenu`, `fk_menu`, `url`, `titre`, `level`, `langs`, perms, `target`, `user`, position) values ('auguria', 'left', 2408__+MAX_llx_menu__, 'accountancy', '', 2406__+MAX_llx_menu__, '/compta/export/liste.php', 'List', 2, 'companies', '$user->rights->compta->ventilation->lire', '', 0, 1);
insert into `llx_menu` (`menu_handler`, `type`, `rowid`, `mainmenu`, `leftmenu`, `fk_menu`, `url`, `titre`, `level`, `langs`, perms, `target`, `user`, position) values ('auguria', 'left', 2500__+MAX_llx_menu__, 'accountancy', '', 6__+MAX_llx_menu__, '/compta/prelevement/index.php?leftmenu=withdraw', 'StandingOrders', 0, 'withdrawals', '$user->rights->prelevement->bons->lire', '', 2, 9);
insert into `llx_menu` (`menu_handler`, `type`, `rowid`, `mainmenu`, `leftmenu`, `fk_menu`, `url`, `titre`, `level`, `langs`, perms, `target`, `user`, position) values ('auguria', 'left', 2501__+MAX_llx_menu__, 'accountancy', '', 2500__+MAX_llx_menu__, '/compta/prelevement/demandes.php?status=0', 'StandingOrderToProcess', 1, 'withdrawals', '$user->rights->prelevement->bons->lire', '', 2, 0);
insert into `llx_menu` (`menu_handler`, `type`, `rowid`, `mainmenu`, `leftmenu`, `fk_menu`, `url`, `titre`, `level`, `langs`, perms, `target`, `user`, position) values ('auguria', 'left', 2502__+MAX_llx_menu__, 'accountancy', '', 2500__+MAX_llx_menu__, '/compta/prelevement/create.php', 'NewStandingOrder', 1, 'withdrawals', '$user->rights->prelevement->bons->lire', '', 2, 1);
insert into `llx_menu` (`menu_handler`, `type`, `rowid`, `mainmenu`, `leftmenu`, `fk_menu`, `url`, `titre`, `level`, `langs`, perms, `target`, `user`, position) values ('auguria', 'left', 2503__+MAX_llx_menu__, 'accountancy', '', 2500__+MAX_llx_menu__, '/compta/prelevement/bons.php', 'WithdrawalsReceipts', 1, 'withdrawals', '$user->rights->prelevement->bons->lire', '', 2, 2);
insert into `llx_menu` (`menu_handler`, `type`, `rowid`, `mainmenu`, `leftmenu`, `fk_menu`, `url`, `titre`, `level`, `langs`, perms, `target`, `user`, position) values ('auguria', 'left', 2504__+MAX_llx_menu__, 'accountancy', '', 2500__+MAX_llx_menu__, '/compta/prelevement/liste.php', 'WithdrawalsLines', 1, 'withdrawals', '$user->rights->prelevement->bons->lire', '', 2, 3);
insert into `llx_menu` (`menu_handler`, `type`, `rowid`, `mainmenu`, `leftmenu`, `fk_menu`, `url`, `titre`, `level`, `langs`, perms, `target`, `user`, position) values ('auguria', 'left', 2505__+MAX_llx_menu__, 'accountancy', '', 2500__+MAX_llx_menu__, '/compta/prelevement/liste_factures.php', 'WithdrawedBills', 1, 'withdrawals', '$user->rights->prelevement->bons->lire', '', 2, 4);
insert into `llx_menu` (`menu_handler`, `type`, `rowid`, `mainmenu`, `leftmenu`, `fk_menu`, `url`, `titre`, `level`, `langs`, perms, `target`, `user`, position) values ('auguria', 'left', 2506__+MAX_llx_menu__, 'accountancy', '', 2500__+MAX_llx_menu__, '/compta/prelevement/rejets.php', 'Rejects', 1, 'withdrawals', '$user->rights->prelevement->bons->lire', '', 2, 5);
insert into `llx_menu` (`menu_handler`, `type`, `rowid`, `mainmenu`, `leftmenu`, `fk_menu`, `url`, `titre`, `level`, `langs`, perms, `target`, `user`, position) values ('auguria', 'left', 2507__+MAX_llx_menu__, 'accountancy', '', 2500__+MAX_llx_menu__, '/compta/prelevement/stats.php', 'Statistics', 1, 'withdrawals', '$user->rights->prelevement->bons->lire', '', 2, 6);
insert into `llx_menu` (`menu_handler`, `type`, `rowid`, `mainmenu`, `leftmenu`, `fk_menu`, `url`, `titre`, `level`, `langs`, perms, `target`, `user`, position) values ('auguria', 'left', 2508__+MAX_llx_menu__, 'accountancy', '', 2500__+MAX_llx_menu__, '/compta/prelevement/config.php', 'Setup', 1, 'withdrawals', '$user->rights->prelevement->bons->configurer', '', 2, 7);
insert into `llx_menu` (`menu_handler`, `type`, `rowid`, `mainmenu`, `leftmenu`, `fk_menu`, `url`, `titre`, `level`, `langs`, perms, `target`, `user`, position) values ('auguria', 'left', 2600__+MAX_llx_menu__, 'accountancy', '', 6__+MAX_llx_menu__, '/compta/bank/index.php?leftmenu=bank', 'MenuBankCash', 0, 'banks', '$user->rights->banque->lire', '', 0, 10);
insert into `llx_menu` (`menu_handler`, `type`, `rowid`, `mainmenu`, `leftmenu`, `fk_menu`, `url`, `titre`, `level`, `langs`, perms, `target`, `user`, position) values ('auguria', 'left', 2601__+MAX_llx_menu__, 'accountancy', '', 2600__+MAX_llx_menu__, '/compta/bank/fiche.php?action=create', 'MenuNewFinancialAccount', 1, 'banks', '$user->rights->banque->configurer', '', 0, 0);
insert into `llx_menu` (`menu_handler`, `type`, `rowid`, `mainmenu`, `leftmenu`, `fk_menu`, `url`, `titre`, `level`, `langs`, perms, `target`, `user`, position) values ('auguria', 'left', 2602__+MAX_llx_menu__, 'accountancy', '', 2600__+MAX_llx_menu__, '/compta/bank/categ.php', 'Categories', 1, 'banks', '$user->rights->banque->configurer', '', 0, 1);
insert into `llx_menu` (`menu_handler`, `type`, `rowid`, `mainmenu`, `leftmenu`, `fk_menu`, `url`, `titre`, `level`, `langs`, perms, `target`, `user`, position) values ('auguria', 'left', 2603__+MAX_llx_menu__, 'accountancy', '', 2600__+MAX_llx_menu__, '/compta/bank/search.php', 'ListTransactions', 1, 'banks', '$user->rights->banque->lire', '', 0, 2);
insert into `llx_menu` (`menu_handler`, `type`, `rowid`, `mainmenu`, `leftmenu`, `fk_menu`, `url`, `titre`, `level`, `langs`, perms, `target`, `user`, position) values ('auguria', 'left', 2604__+MAX_llx_menu__, 'accountancy', '', 2600__+MAX_llx_menu__, '/compta/bank/budget.php', 'ListTransactionsByCategory', 1, 'banks', '$user->rights->banque->lire', '', 0, 3);
insert into `llx_menu` (`menu_handler`, `type`, `rowid`, `mainmenu`, `leftmenu`, `fk_menu`, `url`, `titre`, `level`, `langs`, perms, `target`, `user`, position) values ('auguria', 'left', 2606__+MAX_llx_menu__, 'accountancy', '', 2600__+MAX_llx_menu__, '/compta/bank/virement.php', 'BankTransfers', 1, 'banks', '$user->rights->banque->modifier', '', 0, 5);
insert into `llx_menu` (`menu_handler`, `type`, `rowid`, `mainmenu`, `leftmenu`, `fk_menu`, `url`, `titre`, `level`, `langs`, perms, `target`, `user`, position) values ('auguria', 'left', 2700__+MAX_llx_menu__, 'accountancy', '', 6__+MAX_llx_menu__, '/compta/resultat/index.php?leftmenu=ca&mainmenu=accountancy', 'Reportings', 0, 'main', '$user->rights->compta->resultat->lire || $user->rights->comptaexpert->comptarapport->lire', '', 0, 11);
insert into `llx_menu` (`menu_handler`, `type`, `rowid`, `mainmenu`, `leftmenu`, `fk_menu`, `url`, `titre`, `level`, `langs`, perms, `target`, `user`, position) values ('auguria', 'left', 2701__+MAX_llx_menu__, 'accountancy', '', 2700__+MAX_llx_menu__, '/compta/resultat/index.php?leftmenu=ca', 'Résultat / Exercice', 1, 'main', '$user->rights->compta->resultat->lire || $user->rights->comptaexpert->comptarapport->lire', '', 0, 0);
insert into `llx_menu` (`menu_handler`, `type`, `rowid`, `mainmenu`, `leftmenu`, `fk_menu`, `url`, `titre`, `level`, `langs`, perms, `target`, `user`, position) values ('auguria', 'left', 2702__+MAX_llx_menu__, 'accountancy', '', 2701__+MAX_llx_menu__, '/compta/resultat/clientfourn.php?leftmenu=ca', 'ByCompanies', 2, 'main', '$user->rights->compta->resultat->lire || $user->rights->comptaexpert->comptarapport->lire', '', 0, 0);
insert into `llx_menu` (`menu_handler`, `type`, `rowid`, `mainmenu`, `leftmenu`, `fk_menu`, `url`, `titre`, `level`, `langs`, perms, `target`, `user`, position) values ('auguria', 'left', 2703__+MAX_llx_menu__, 'accountancy', '', 2700__+MAX_llx_menu__, '/compta/stats/index.php?leftmenu=ca', 'Chiffre d''affaire', 1, 'main', '$user->rights->compta->resultat->lire || $user->rights->comptaexpert->comptarapport->lire', '', 0, 1);
insert into `llx_menu` (`menu_handler`, `type`, `rowid`, `mainmenu`, `leftmenu`, `fk_menu`, `url`, `titre`, `level`, `langs`, perms, `target`, `user`, position) values ('auguria', 'left', 2704__+MAX_llx_menu__, 'accountancy', '', 2703__+MAX_llx_menu__, '/compta/stats/casoc?leftmenu=ca', 'ByCompanies', 2, 'main', '$user->rights->compta->resultat->lire || $user->rights->comptaexpert->comptarapport->lire', '', 0, 0);
insert into `llx_menu` (`menu_handler`, `type`, `rowid`, `mainmenu`, `leftmenu`, `fk_menu`, `url`, `titre`, `level`, `langs`, perms, `target`, `user`, position) values ('auguria', 'left', 2705__+MAX_llx_menu__, 'accountancy', '', 2703__+MAX_llx_menu__, '/compta/stats/cabyuser.php?leftmenu=ca', 'ByUsers', 2, 'main', '$user->rights->compta->resultat->lire || $user->rights->comptaexpert->comptarapport->lire', '', 0, 1);

insert into `llx_menu` (`menu_handler`, `type`, `rowid`, `mainmenu`, `leftmenu`, `fk_menu`, `url`, `titre`, `level`, `langs`, perms, `target`, `user`, position) values ('auguria', 'left', 3600__+MAX_llx_menu__, 'project', '', 7__+MAX_llx_menu__, '/projet/index.php?leftmenu=projects', 'Projects', 0, 'projects', '$user->rights->projet->lire', '', 2, 0);
insert into `llx_menu` (`menu_handler`, `type`, `rowid`, `mainmenu`, `leftmenu`, `fk_menu`, `url`, `titre`, `level`, `langs`, perms, `target`, `user`, position) values ('auguria', 'left', 3601__+MAX_llx_menu__, 'project', '', 3600__+MAX_llx_menu__, '/comm/clients.php?leftmenu=projects', 'NewProject', 1, 'projects', '$user->rights->projet->lire', '', 2, 0);
insert into `llx_menu` (`menu_handler`, `type`, `rowid`, `mainmenu`, `leftmenu`, `fk_menu`, `url`, `titre`, `level`, `langs`, perms, `target`, `user`, position) values ('auguria', 'left', 3602__+MAX_llx_menu__, 'project', '', 3600__+MAX_llx_menu__, '/projet/liste.php?leftmenu=projects', 'List', 1, 'projects', '$user->rights->projet->lire', '', 2, 1);
insert into `llx_menu` (`menu_handler`, `type`, `rowid`, `mainmenu`, `leftmenu`, `fk_menu`, `url`, `titre`, `level`, `langs`, perms, `target`, `user`, position) values ('auguria', 'left', 3700__+MAX_llx_menu__, 'project', '', 7__+MAX_llx_menu__, '/projet/tasks', 'Tasks', 0, 'projects', '$user->rights->projet->lire', '', 2, 1);
insert into `llx_menu` (`menu_handler`, `type`, `rowid`, `mainmenu`, `leftmenu`, `fk_menu`, `url`, `titre`, `level`, `langs`, perms, `target`, `user`, position) values ('auguria', 'left', 3701__+MAX_llx_menu__, 'project', '', 3700__+MAX_llx_menu__, '/projet/tasks/mytasks.php', 'Mytasks', 1, 'projects', '$user->rights->projet->lire', '', 2, 0);
insert into `llx_menu` (`menu_handler`, `type`, `rowid`, `mainmenu`, `leftmenu`, `fk_menu`, `url`, `titre`, `level`, `langs`, perms, `target`, `user`, position) values ('auguria', 'left', 3800__+MAX_llx_menu__, 'project', '', 7__+MAX_llx_menu__, '/projet/activity', 'Activity', 0, 'projects', '$user->rights->projet->lire', '', 2, 2);
insert into `llx_menu` (`menu_handler`, `type`, `rowid`, `mainmenu`, `leftmenu`, `fk_menu`, `url`, `titre`, `level`, `langs`, perms, `target`, `user`, position) values ('auguria', 'left', 3801__+MAX_llx_menu__, 'project', '', 3800__+MAX_llx_menu__, '/projet/activity/myactivity.php', 'MyActivity', 1, 'projects', '$user->rights->projet->lire', '', 2, 0);

insert into `llx_menu` (`menu_handler`, `type`, `rowid`, `mainmenu`, `leftmenu`, `fk_menu`, `url`, `titre`, `level`, `langs`, perms, `target`, `user`, position) values ('auguria', 'left', 3900__+MAX_llx_menu__, 'tools', '', 8__+MAX_llx_menu__, '/comm/mailing/index.php?leftmenu=mailing', 'EMailings', 0, 'mails', '$user->rights->mailing->lire', '', 0, 0);
insert into `llx_menu` (`menu_handler`, `type`, `rowid`, `mainmenu`, `leftmenu`, `fk_menu`, `url`, `titre`, `level`, `langs`, perms, `target`, `user`, position) values ('auguria', 'left', 3901__+MAX_llx_menu__, 'tools', '', 3900__+MAX_llx_menu__, '/comm/mailing/fiche.php?leftmenu=mailing&action=create', 'NewMailing', 1, 'mails', '$user->rights->mailing->creer', '', 0, 0);
insert into `llx_menu` (`menu_handler`, `type`, `rowid`, `mainmenu`, `leftmenu`, `fk_menu`, `url`, `titre`, `level`, `langs`, perms, `target`, `user`, position) values ('auguria', 'left', 3902__+MAX_llx_menu__, 'tools', '', 3900__+MAX_llx_menu__, '/comm/mailing/liste.php?leftmenu=mailing', 'List', 1, 'mails', '$user->rights->mailing->lire', '', 0, 1);
insert into `llx_menu` (`menu_handler`, `type`, `rowid`, `mainmenu`, `leftmenu`, `fk_menu`, `url`, `titre`, `level`, `langs`, perms, `target`, `user`, position) values ('auguria', 'left', 4000__+MAX_llx_menu__, 'tools', '', 8__+MAX_llx_menu__, '/bookmarks/liste.php?leftmenu=bookmarks', 'Bookmarks', 0, 'other', '$user->rights->bookmark->lire', '', 2, 1);
insert into `llx_menu` (`menu_handler`, `type`, `rowid`, `mainmenu`, `leftmenu`, `fk_menu`, `url`, `titre`, `level`, `langs`, perms, `target`, `user`, position) values ('auguria', 'left', 4001__+MAX_llx_menu__, 'tools', '', 4000__+MAX_llx_menu__, '/bookmarks/fiche.php?action=create', 'NewBookmark', 1, 'other', '$user->rights->bookmark->creer', '', 2, 0);
insert into `llx_menu` (`menu_handler`, `type`, `rowid`, `mainmenu`, `leftmenu`, `fk_menu`, `url`, `titre`, `level`, `langs`, perms, `target`, `user`, position) values ('auguria', 'left', 4002__+MAX_llx_menu__, 'tools', '', 4000__+MAX_llx_menu__, '/bookmarks/liste.php', 'List', 1, 'other', '$user->rights->bookmark->lire', '', 2, 1);
insert into `llx_menu` (`menu_handler`, `type`, `rowid`, `mainmenu`, `leftmenu`, `fk_menu`, `url`, `titre`, `level`, `langs`, perms, `target`, `user`, position) values ('auguria', 'left', 4100__+MAX_llx_menu__, 'tools', '', 8__+MAX_llx_menu__, '/exports/index.php?leftmenu=export', 'FormatedExport', 0, 'exports', '$user->rights->export->lire', '', 2, 2);
insert into `llx_menu` (`menu_handler`, `type`, `rowid`, `mainmenu`, `leftmenu`, `fk_menu`, `url`, `titre`, `level`, `langs`, perms, `target`, `user`, position) values ('auguria', 'left', 4101__+MAX_llx_menu__, 'tools', '', 4100__+MAX_llx_menu__, '/exports/export.php?leftmenu=export', 'NewExport', 1, 'exports', '$user->rights->export->creer', '', 2, 0);
insert into `llx_menu` (`menu_handler`, `type`, `rowid`, `mainmenu`, `leftmenu`, `fk_menu`, `url`, `titre`, `level`, `langs`, perms, `target`, `user`, position) values ('auguria', 'left', 4130__+MAX_llx_menu__, 'tools', '', 8__+MAX_llx_menu__, '/admin/import/index.php?leftmenu=import', 'FormatedImport', 0, 'exports', '$user->rights->import->lire', '', 2, 2);
insert into `llx_menu` (`menu_handler`, `type`, `rowid`, `mainmenu`, `leftmenu`, `fk_menu`, `url`, `titre`, `level`, `langs`, perms, `target`, `user`, position) values ('auguria', 'left', 4131__+MAX_llx_menu__, 'tools', '', 4130__+MAX_llx_menu__, '/admin/import/import.php?leftmenu=import', 'NewImport', 1, 'exports', '$user->rights->import->creer', '', 2, 0);

insert into `llx_menu` (`menu_handler`, `type`, `rowid`, `mainmenu`, `leftmenu`, `fk_menu`, `url`, `titre`, `level`, `langs`, perms, `target`, `user`, position) values ('auguria', 'left', 4200__+MAX_llx_menu__, 'members', '', 13__+MAX_llx_menu__, '/adherents/index.php?leftmenu=members&mainmenu=members', 'Members', 0, 'members', '$user->rights->adherent->lire', '', 2, 0);
insert into `llx_menu` (`menu_handler`, `type`, `rowid`, `mainmenu`, `leftmenu`, `fk_menu`, `url`, `titre`, `level`, `langs`, perms, `target`, `user`, position) values ('auguria', 'left', 4201__+MAX_llx_menu__, 'members', '', 4200__+MAX_llx_menu__, '/adherents/fiche.php?action=create', 'NewMember', 1, 'members', '$user->rights->adherent->creer', '', 2, 0);
insert into `llx_menu` (`menu_handler`, `type`, `rowid`, `mainmenu`, `leftmenu`, `fk_menu`, `url`, `titre`, `level`, `langs`, perms, `target`, `user`, position) values ('auguria', 'left', 4202__+MAX_llx_menu__, 'members', '', 4200__+MAX_llx_menu__, '/adherents/liste.php', 'List', 1, 'members', '$user->rights->adherent->lire', '', 2, 1);
insert into `llx_menu` (`menu_handler`, `type`, `rowid`, `mainmenu`, `leftmenu`, `fk_menu`, `url`, `titre`, `level`, `langs`, perms, `target`, `user`, position) values ('auguria', 'left', 4203__+MAX_llx_menu__, 'members', '', 4200__+MAX_llx_menu__, '/adherents/liste.php?statut=-1', 'MenuMembersToValidate', 1, 'members', '$user->rights->adherent->lire', '', 2, 2);
insert into `llx_menu` (`menu_handler`, `type`, `rowid`, `mainmenu`, `leftmenu`, `fk_menu`, `url`, `titre`, `level`, `langs`, perms, `target`, `user`, position) values ('auguria', 'left', 4204__+MAX_llx_menu__, 'members', '', 4200__+MAX_llx_menu__, '/adherents/liste.php?statut=1', 'MenuMembersValidated', 1, 'members', '$user->rights->adherent->lire', '', 2, 3);
insert into `llx_menu` (`menu_handler`, `type`, `rowid`, `mainmenu`, `leftmenu`, `fk_menu`, `url`, `titre`, `level`, `langs`, perms, `target`, `user`, position) values ('auguria', 'left', 4205__+MAX_llx_menu__, 'members', '', 4200__+MAX_llx_menu__, '/adherents/liste.php?statut=1&filter=outofdate', 'MenuMembersNotUpToDate', 1, 'members', '$user->rights->adherent->lire', '', 2, 4);
insert into `llx_menu` (`menu_handler`, `type`, `rowid`, `mainmenu`, `leftmenu`, `fk_menu`, `url`, `titre`, `level`, `langs`, perms, `target`, `user`, position) values ('auguria', 'left', 4206__+MAX_llx_menu__, 'members', '', 4200__+MAX_llx_menu__, '/adherents/liste.php?statut=1&filter=uptodate', 'MenuMembersUpToDate', 1, 'members', '$user->rights->adherent->lire', '', 2, 5);
insert into `llx_menu` (`menu_handler`, `type`, `rowid`, `mainmenu`, `leftmenu`, `fk_menu`, `url`, `titre`, `level`, `langs`, perms, `target`, `user`, position) values ('auguria', 'left', 4207__+MAX_llx_menu__, 'members', '', 4200__+MAX_llx_menu__, '/adherents/liste.php?statut=0', 'MenuMembersResiliated', 1, 'members', '$user->rights->adherent->lire', '', 2, 6);
insert into `llx_menu` (`menu_handler`, `type`, `rowid`, `mainmenu`, `leftmenu`, `fk_menu`, `url`, `titre`, `level`, `langs`, perms, `target`, `user`, position) values ('auguria', 'left', 4300__+MAX_llx_menu__, 'members', '', 13__+MAX_llx_menu__, '/adherents/index.php?leftmenu=accountancy&mainmenu=members', 'Subscriptions', 0, 'compta', '$user->rights->adherent->cotisation->lire', '', 2, 1);
insert into `llx_menu` (`menu_handler`, `type`, `rowid`, `mainmenu`, `leftmenu`, `fk_menu`, `url`, `titre`, `level`, `langs`, perms, `target`, `user`, position) values ('auguria', 'left', 4301__+MAX_llx_menu__, 'members', '', 4300__+MAX_llx_menu__, '/adherents/liste.php?statut=-1&leftmenu=accountancy&mainmenu=members', 'NewSubscription', 1, 'compta', '$user->rights->adherent->cotisation->creer', '', 2, 0);
insert into `llx_menu` (`menu_handler`, `type`, `rowid`, `mainmenu`, `leftmenu`, `fk_menu`, `url`, `titre`, `level`, `langs`, perms, `target`, `user`, position) values ('auguria', 'left', 4302__+MAX_llx_menu__, 'members', '', 4300__+MAX_llx_menu__, '/adherents/cotisations.php?leftmenu=accountancy', 'List', 1, 'compta', '$user->rights->adherent->cotisation->lire', '', 2, 1);
insert into `llx_menu` (`menu_handler`, `type`, `rowid`, `mainmenu`, `leftmenu`, `fk_menu`, `url`, `titre`, `level`, `langs`, perms, `target`, `user`, position) values ('auguria', 'left', 4400__+MAX_llx_menu__, 'members', '', 13__+MAX_llx_menu__, '/compta/bank/index.php?leftmenu=accountancy', 'Bank', 0, 'banks', '$user->rights->adherent->lire', '', 2, 2);
insert into `llx_menu` (`menu_handler`, `type`, `rowid`, `mainmenu`, `leftmenu`, `fk_menu`, `url`, `titre`, `level`, `langs`, perms, `target`, `user`, position) values ('auguria', 'left', 4500__+MAX_llx_menu__, 'members', '', 13__+MAX_llx_menu__, '/adherents/index.php?leftmenu=export&mainmenu=members', 'Exports', 0, 'members', '$user->rights->adherent->export', '', 2, 3);
insert into `llx_menu` (`menu_handler`, `type`, `rowid`, `mainmenu`, `leftmenu`, `fk_menu`, `url`, `titre`, `level`, `langs`, perms, `target`, `user`, position) values ('auguria', 'left', 4501__+MAX_llx_menu__, 'members', '', 4500__+MAX_llx_menu__, '/exports/index.php?leftmenu=export', 'Datas', 1, 'members', '$user->rights->adherent->export', '', 2, 0);
insert into `llx_menu` (`menu_handler`, `type`, `rowid`, `mainmenu`, `leftmenu`, `fk_menu`, `url`, `titre`, `level`, `langs`, perms, `target`, `user`, position) values ('auguria', 'left', 4502__+MAX_llx_menu__, 'members', '', 4500__+MAX_llx_menu__, '/adherents/htpasswd.php?leftmenu=export', 'Filehtpasswd', 1, 'members', '$user->rights->adherent->export', '', 2, 1);
insert into `llx_menu` (`menu_handler`, `type`, `rowid`, `mainmenu`, `leftmenu`, `fk_menu`, `url`, `titre`, `level`, `langs`, perms, `target`, `user`, position) values ('auguria', 'left', 4503__+MAX_llx_menu__, 'members', '', 4500__+MAX_llx_menu__, '/adherents/cartes/carte.php?leftmenu=export', 'MembersCards', 1, 'members', '$user->rights->adherent->export', '_blank', 2, 2);
insert into `llx_menu` (`menu_handler`, `type`, `rowid`, `mainmenu`, `leftmenu`, `fk_menu`, `url`, `titre`, `level`, `langs`, perms, `target`, `user`, position) values ('auguria', 'left', 4504__+MAX_llx_menu__, 'members', '', 4500__+MAX_llx_menu__, '/adherents/cartes/etiquette.php?leftmenu=export', 'Etiquettes d''adhérents', 1, 'members', '$user->rights->adherent->export', '_blank', 2, 3);
insert into `llx_menu` (`menu_handler`, `type`, `rowid`, `mainmenu`, `leftmenu`, `fk_menu`, `url`, `titre`, `level`, `langs`, perms, `target`, `user`, position) values ('auguria', 'left', 4600__+MAX_llx_menu__, 'members', '', 13__+MAX_llx_menu__, '/adherents/public.php?leftmenu=member_public', 'MemberPublicLinks', 0, 'members', '$user->rights->adherent->export', '', 2, 4);
insert into `llx_menu` (`menu_handler`, `type`, `rowid`, `mainmenu`, `leftmenu`, `fk_menu`, `url`, `titre`, `level`, `langs`, perms, `target`, `user`, position) values ('auguria', 'left', 4700__+MAX_llx_menu__, 'members', '', 13__+MAX_llx_menu__, '/adherents/index.php?leftmenu=setup&mainmenu=members', 'Setup', 0, 'members', '$user->rights->adherent->configurer', '', 2, 5);
insert into `llx_menu` (`menu_handler`, `type`, `rowid`, `mainmenu`, `leftmenu`, `fk_menu`, `url`, `titre`, `level`, `langs`, perms, `target`, `user`, position) values ('auguria', 'left', 4701__+MAX_llx_menu__, 'members', '', 4700__+MAX_llx_menu__, '/adherents/type.php?leftmenu=setup', 'MembersTypes', 1, 'members', '$user->rights->adherent->configurer', '', 2, 0);
insert into `llx_menu` (`menu_handler`, `type`, `rowid`, `mainmenu`, `leftmenu`, `fk_menu`, `url`, `titre`, `level`, `langs`, perms, `target`, `user`, position) values ('auguria', 'left', 4702__+MAX_llx_menu__, 'members', '', 4700__+MAX_llx_menu__, '/adherents/options.php?leftmenu=setup', 'MembersAttributes', 1, 'members', '$user->rights->adherent->configurer', '', 2, 1);


-- 
-- table `llx_menu_constraint`
-- 
insert into `llx_menu_constraint` (`rowid`, `action`) values (1,  '$user->admin');
insert into `llx_menu_constraint` (`rowid`, `action`) values (2,  '$conf->societe->enabled && $user->rights->societe->lire');
insert into `llx_menu_constraint` (`rowid`, `action`) values (3,  '$user->rights->societe->creer');
insert into `llx_menu_constraint` (`rowid`, `action`) values (4,  'is_dir("societe/groupe")');
insert into `llx_menu_constraint` (`rowid`, `action`) values (5,  '$conf->societe->enabled && $conf->fournisseur->enabled');
insert into `llx_menu_constraint` (`rowid`, `action`) values (6,  '! $user->societe_id');
insert into `llx_menu_constraint` (`rowid`, `action`) values (7,  '$conf->propal->enabled');
insert into `llx_menu_constraint` (`rowid`, `action`) values (8,  '$conf->commande->enabled');
insert into `llx_menu_constraint` (`rowid`, `action`) values (9,  '$conf->expedition->enabled');
insert into `llx_menu_constraint` (`rowid`, `action`) values (10, '$conf->contrat->enabled');
insert into `llx_menu_constraint` (`rowid`, `action`) values (11, '$conf->ficheinter->enabled');
insert into `llx_menu_constraint` (`rowid`, `action`) values (12, '$conf->societe->enabled');
insert into `llx_menu_constraint` (`rowid`, `action`) values (13, '$conf->facture->enabled');
insert into `llx_menu_constraint` (`rowid`, `action`) values (14, '$conf->global->FACTURE_ENABLE_RECUR');
insert into `llx_menu_constraint` (`rowid`, `action`) values (15, '$conf->don->enabled');
insert into `llx_menu_constraint` (`rowid`, `action`) values (16, '$conf->deplacement->enabled');
insert into `llx_menu_constraint` (`rowid`, `action`) values (17, '$conf->tax->enabled');
insert into `llx_menu_constraint` (`rowid`, `action`) values (18, '$conf->compta->tva');
insert into `llx_menu_constraint` (`rowid`, `action`) values (19, '$conf->compta->enabled');
insert into `llx_menu_constraint` (`rowid`, `action`) values (20, '$conf->prelevement->enabled');
insert into `llx_menu_constraint` (`rowid`, `action`) values (21, '$conf->banque->enabled');
insert into `llx_menu_constraint` (`rowid`, `action`) values (22, '$conf->compta->enabled || $conf->comptaexpert->enabled');
insert into `llx_menu_constraint` (`rowid`, `action`) values (23, '$conf->produit->enabled');
insert into `llx_menu_constraint` (`rowid`, `action`) values (24, '$conf->stock->enabled');
insert into `llx_menu_constraint` (`rowid`, `action`) values (25, '$conf->service->enabled');
insert into `llx_menu_constraint` (`rowid`, `action`) values (26, '$conf->categorie->enabled');
insert into `llx_menu_constraint` (`rowid`, `action`) values (27, '$conf->projet->enabled');
insert into `llx_menu_constraint` (`rowid`, `action`) values (28, '$conf->mailing->enabled');
insert into `llx_menu_constraint` (`rowid`, `action`) values (29, '$conf->bookmark->enabled');
insert into `llx_menu_constraint` (`rowid`, `action`) values (30, '$conf->export->enabled');
insert into `llx_menu_constraint` (`rowid`, `action`) values (31, '$conf->adherent->enabled');
insert into `llx_menu_constraint` (`rowid`, `action`) values (32, '($conf->societe->enabled && $user->rights->societe->lire) || ($conf->fournisseur->enabled && $user->rights->fournisseur->lire)');
insert into `llx_menu_constraint` (`rowid`, `action`) values (33, '$conf->produit->enabled || $conf->service->enabled');
insert into `llx_menu_constraint` (`rowid`, `action`) values (34, '$conf->fournisseur->enabled');
insert into `llx_menu_constraint` (`rowid`, `action`) values (35, '$conf->commercial->enabled');
insert into `llx_menu_constraint` (`rowid`, `action`) values (36, '$conf->compta->enabled || $conf->comptaexpert->enabled || $conf->banque->enabled || $conf->commande->enabled || $conf->facture->enabled');
insert into `llx_menu_constraint` (`rowid`, `action`) values (37, '$conf->mailing->enabled || $conf->export->enabled || $conf->bookmark->enabled');
insert into `llx_menu_constraint` (`rowid`, `action`) values (38, '$conf->boutique->enabled');
insert into `llx_menu_constraint` (`rowid`, `action`) values (39, '$conf->oscommercews->enabled');
insert into `llx_menu_constraint` (`rowid`, `action`) values (40, '$conf->webcal->enabled');
insert into `llx_menu_constraint` (`rowid`, `action`) values (41, '$conf->mantis->enabled');
insert into `llx_menu_constraint` (`rowid`, `action`) values (42, '$conf->global->PRODUIT_SPECIAL_LIVRE && $conf->global->PRODUCT_CANVAS_ABILITY');
insert into `llx_menu_constraint` (`rowid`, `action`) values (44, '$conf->droitpret->enabled');
insert into `llx_menu_constraint` (`rowid`, `action`) values (45, '$conf->menudb->enabled');
insert into `llx_menu_constraint` (`rowid`, `action`) values (46, '$conf->energie->enabled');
insert into `llx_menu_constraint` (`rowid`, `action`) values (47, '$conf->telephonie->enabled');
insert into `llx_menu_constraint` (`rowid`, `action`) values (48, '$user->admin && function_exists("eaccelerator_info")');
insert into `llx_menu_constraint` (`rowid`, `action`) values (49, '$conf->import->enabled');
insert into `llx_menu_constraint` (`rowid`, `action`) values (50, '$conf->phenix->enabled');
insert into `llx_menu_constraint` (`rowid`, `action`) values (51, '$leftmenu=="setup"');
insert into `llx_menu_constraint` (`rowid`, `action`) values (52, '$leftmenu=="system"');
insert into `llx_menu_constraint` (`rowid`, `action`) values (53, '$leftmenu=="admintools"');
insert into `llx_menu_constraint` (`rowid`, `action`) values (54, '$leftmenu=="users"');
insert into `llx_menu_constraint` (`rowid`, `action`) values (55, '$leftmenu=="customers"');
insert into `llx_menu_constraint` (`rowid`, `action`) values (56, '$leftmenu=="prospects"');
insert into `llx_menu_constraint` (`rowid`, `action`) values (57, '$leftmenu=="contacts"');
insert into `llx_menu_constraint` (`rowid`, `action`) values (58, '$leftmenu=="propals"');
insert into `llx_menu_constraint` (`rowid`, `action`) values (59, '$leftmenu=="orders"');
insert into `llx_menu_constraint` (`rowid`, `action`) values (60, '$leftmenu=="orders_suppliers"');
insert into `llx_menu_constraint` (`rowid`, `action`) values (61, '$leftmenu=="contracts"');
insert into `llx_menu_constraint` (`rowid`, `action`) values (62, '$leftmenu=="ficheinter"');
insert into `llx_menu_constraint` (`rowid`, `action`) values (63, '$leftmenu=="suppliers"');
insert into `llx_menu_constraint` (`rowid`, `action`) values (64, '$leftmenu=="tripsandexpenses"');
insert into `llx_menu_constraint` (`rowid`, `action`) values (65, 'eregi("tax",$leftmenu)');
insert into `llx_menu_constraint` (`rowid`, `action`) values (66, '$leftmenu=="tax_social"');
insert into `llx_menu_constraint` (`rowid`, `action`) values (67, '$leftmenu=="tax_vat"');
insert into `llx_menu_constraint` (`rowid`, `action`) values (68, '$leftmenu=="checks"');
insert into `llx_menu_constraint` (`rowid`, `action`) values (69, '$leftmenu=="bank"');
insert into `llx_menu_constraint` (`rowid`, `action`) values (70, '$leftmenu=="suppliers_bills"');
insert into `llx_menu_constraint` (`rowid`, `action`) values (71, '$leftmenu=="customers_bills"');
insert into `llx_menu_constraint` (`rowid`, `action`) values (72, '$conf->cashdesk->enabled');


-- 
-- table `llx_menu_const`
-- 

-- Menu Setup
insert into `llx_menu_const` (`fk_menu`, `fk_constraint`) values (100__+MAX_llx_menu__, 1);
insert into `llx_menu_const` (`fk_menu`, `fk_constraint`) values (101__+MAX_llx_menu__, 51);
insert into `llx_menu_const` (`fk_menu`, `fk_constraint`) values (102__+MAX_llx_menu__, 51);
insert into `llx_menu_const` (`fk_menu`, `fk_constraint`) values (103__+MAX_llx_menu__, 51);
insert into `llx_menu_const` (`fk_menu`, `fk_constraint`) values (104__+MAX_llx_menu__, 51);
insert into `llx_menu_const` (`fk_menu`, `fk_constraint`) values (105__+MAX_llx_menu__, 51);
insert into `llx_menu_const` (`fk_menu`, `fk_constraint`) values (106__+MAX_llx_menu__, 51);
insert into `llx_menu_const` (`fk_menu`, `fk_constraint`) values (108__+MAX_llx_menu__, 51);
insert into `llx_menu_const` (`fk_menu`, `fk_constraint`) values (109__+MAX_llx_menu__, 51);
insert into `llx_menu_const` (`fk_menu`, `fk_constraint`) values (110__+MAX_llx_menu__, 51);
insert into `llx_menu_const` (`fk_menu`, `fk_constraint`) values (111__+MAX_llx_menu__, 51);
insert into `llx_menu_const` (`fk_menu`, `fk_constraint`) values (112__+MAX_llx_menu__, 51);
-- Menu System infos
insert into `llx_menu_const` (`fk_menu`, `fk_constraint`) values (200__+MAX_llx_menu__, 1);
insert into `llx_menu_const` (`fk_menu`, `fk_constraint`) values (201__+MAX_llx_menu__, 52);
insert into `llx_menu_const` (`fk_menu`, `fk_constraint`) values (202__+MAX_llx_menu__, 52);
insert into `llx_menu_const` (`fk_menu`, `fk_constraint`) values (203__+MAX_llx_menu__, 52);
insert into `llx_menu_const` (`fk_menu`, `fk_constraint`) values (204__+MAX_llx_menu__, 52);
insert into `llx_menu_const` (`fk_menu`, `fk_constraint`) values (205__+MAX_llx_menu__, 52);
insert into `llx_menu_const` (`fk_menu`, `fk_constraint`) values (206__+MAX_llx_menu__, 52);
insert into `llx_menu_const` (`fk_menu`, `fk_constraint`) values (210__+MAX_llx_menu__, 52);
insert into `llx_menu_const` (`fk_menu`, `fk_constraint`) values (211__+MAX_llx_menu__, 52);
insert into `llx_menu_const` (`fk_menu`, `fk_constraint`) values (212__+MAX_llx_menu__, 52);
-- Menu System tools
insert into `llx_menu_const` (`fk_menu`, `fk_constraint`) values (300__+MAX_llx_menu__, 1);
insert into `llx_menu_const` (`fk_menu`, `fk_constraint`) values (301__+MAX_llx_menu__, 53);
insert into `llx_menu_const` (`fk_menu`, `fk_constraint`) values (302__+MAX_llx_menu__, 53);
insert into `llx_menu_const` (`fk_menu`, `fk_constraint`) values (303__+MAX_llx_menu__, 53);
insert into `llx_menu_const` (`fk_menu`, `fk_constraint`) values (305__+MAX_llx_menu__, 53);
insert into `llx_menu_const` (`fk_menu`, `fk_constraint`) values (306__+MAX_llx_menu__, 53);
insert into `llx_menu_const` (`fk_menu`, `fk_constraint`) values (304__+MAX_llx_menu__, 53);
insert into `llx_menu_const` (`fk_menu`, `fk_constraint`) values (304__+MAX_llx_menu__, 48);
-- Menu users and groups
insert into `llx_menu_const` (`fk_menu`, `fk_constraint`) values (401__+MAX_llx_menu__, 54);
insert into `llx_menu_const` (`fk_menu`, `fk_constraint`) values (402__+MAX_llx_menu__, 54);
insert into `llx_menu_const` (`fk_menu`, `fk_constraint`) values (403__+MAX_llx_menu__, 54);
insert into `llx_menu_const` (`fk_menu`, `fk_constraint`) values (404__+MAX_llx_menu__, 54);


insert into `llx_menu_const` (`fk_menu`, `fk_constraint`) values (501__+MAX_llx_menu__, 3);
insert into `llx_menu_const` (`fk_menu`, `fk_constraint`) values (502__+MAX_llx_menu__, 4);
insert into `llx_menu_const` (`fk_menu`, `fk_constraint`) values (504__+MAX_llx_menu__, 6);
insert into `llx_menu_const` (`fk_menu`, `fk_constraint`) values (503__+MAX_llx_menu__, 5);
insert into `llx_menu_const` (`fk_menu`, `fk_constraint`) values (504__+MAX_llx_menu__, 5);
insert into `llx_menu_const` (`fk_menu`, `fk_constraint`) values (505__+MAX_llx_menu__, 5);
insert into `llx_menu_const` (`fk_menu`, `fk_constraint`) values (500__+MAX_llx_menu__, 2);

-- Menu Prospects - List
insert into `llx_menu_const` (`fk_menu`, `fk_constraint`) values (703__+MAX_llx_menu__, 56);
insert into `llx_menu_const` (`fk_menu`, `fk_constraint`) values (704__+MAX_llx_menu__, 56);
insert into `llx_menu_const` (`fk_menu`, `fk_constraint`) values (705__+MAX_llx_menu__, 56);
insert into `llx_menu_const` (`fk_menu`, `fk_constraint`) values (706__+MAX_llx_menu__, 56);
insert into `llx_menu_const` (`fk_menu`, `fk_constraint`) values (707__+MAX_llx_menu__, 56);

-- Menu Contacts
insert into `llx_menu_const` (`fk_menu`, `fk_constraint`) values (912__+MAX_llx_menu__, 34);

-- Menu commercial proposal
insert into `llx_menu_const` (`fk_menu`, `fk_constraint`) values (1100__+MAX_llx_menu__, 7);
insert into `llx_menu_const` (`fk_menu`, `fk_constraint`) values (1101__+MAX_llx_menu__, 58);
insert into `llx_menu_const` (`fk_menu`, `fk_constraint`) values (1102__+MAX_llx_menu__, 58);
insert into `llx_menu_const` (`fk_menu`, `fk_constraint`) values (1103__+MAX_llx_menu__, 58);
insert into `llx_menu_const` (`fk_menu`, `fk_constraint`) values (1104__+MAX_llx_menu__, 58);
insert into `llx_menu_const` (`fk_menu`, `fk_constraint`) values (1105__+MAX_llx_menu__, 58);
-- Menu orders
insert into `llx_menu_const` (`fk_menu`, `fk_constraint`) values (1200__+MAX_llx_menu__, 8);
insert into `llx_menu_const` (`fk_menu`, `fk_constraint`) values (1201__+MAX_llx_menu__, 59);
insert into `llx_menu_const` (`fk_menu`, `fk_constraint`) values (1202__+MAX_llx_menu__, 59);
insert into `llx_menu_const` (`fk_menu`, `fk_constraint`) values (1203__+MAX_llx_menu__, 59);
insert into `llx_menu_const` (`fk_menu`, `fk_constraint`) values (1204__+MAX_llx_menu__, 59);
insert into `llx_menu_const` (`fk_menu`, `fk_constraint`) values (1205__+MAX_llx_menu__, 59);
insert into `llx_menu_const` (`fk_menu`, `fk_constraint`) values (1206__+MAX_llx_menu__, 59);
insert into `llx_menu_const` (`fk_menu`, `fk_constraint`) values (1207__+MAX_llx_menu__, 59);
insert into `llx_menu_const` (`fk_menu`, `fk_constraint`) values (1208__+MAX_llx_menu__, 59);

insert into `llx_menu_const` (`fk_menu`, `fk_constraint`) values (1300__+MAX_llx_menu__, 9);
-- Menu contracts
insert into `llx_menu_const` (`fk_menu`, `fk_constraint`) values (1400__+MAX_llx_menu__, 10);
insert into `llx_menu_const` (`fk_menu`, `fk_constraint`) values (1401__+MAX_llx_menu__, 61);
insert into `llx_menu_const` (`fk_menu`, `fk_constraint`) values (1402__+MAX_llx_menu__, 61);
insert into `llx_menu_const` (`fk_menu`, `fk_constraint`) values (1403__+MAX_llx_menu__, 61);
insert into `llx_menu_const` (`fk_menu`, `fk_constraint`) values (1404__+MAX_llx_menu__, 61);
insert into `llx_menu_const` (`fk_menu`, `fk_constraint`) values (1405__+MAX_llx_menu__, 61);
insert into `llx_menu_const` (`fk_menu`, `fk_constraint`) values (1406__+MAX_llx_menu__, 61);
insert into `llx_menu_const` (`fk_menu`, `fk_constraint`) values (1407__+MAX_llx_menu__, 61);
-- Menu interventions
insert into `llx_menu_const` (`fk_menu`, `fk_constraint`) values (1500__+MAX_llx_menu__, 11);
insert into `llx_menu_const` (`fk_menu`, `fk_constraint`) values (1501__+MAX_llx_menu__, 62);
insert into `llx_menu_const` (`fk_menu`, `fk_constraint`) values (1502__+MAX_llx_menu__, 62);

insert into `llx_menu_const` (`fk_menu`, `fk_constraint`) values (1600__+MAX_llx_menu__, 5);
insert into `llx_menu_const` (`fk_menu`, `fk_constraint`) values (1601__+MAX_llx_menu__, 6);
insert into `llx_menu_const` (`fk_menu`, `fk_constraint`) values (1603__+MAX_llx_menu__, 12);
insert into `llx_menu_const` (`fk_menu`, `fk_constraint`) values (1605__+MAX_llx_menu__, 6);
insert into `llx_menu_const` (`fk_menu`, `fk_constraint`) values (1604__+MAX_llx_menu__, 13);
-- Menu suppliers invoices
insert into `llx_menu_const` (`fk_menu`, `fk_constraint`) values (1605__+MAX_llx_menu__, 13);
insert into `llx_menu_const` (`fk_menu`, `fk_constraint`) values (1605__+MAX_llx_menu__, 70);
insert into `llx_menu_const` (`fk_menu`, `fk_constraint`) values (1606__+MAX_llx_menu__, 13);
insert into `llx_menu_const` (`fk_menu`, `fk_constraint`) values (1606__+MAX_llx_menu__, 70);
insert into `llx_menu_const` (`fk_menu`, `fk_constraint`) values (1607__+MAX_llx_menu__, 13);
insert into `llx_menu_const` (`fk_menu`, `fk_constraint`) values (1607__+MAX_llx_menu__, 70);

insert into `llx_menu_const` (`fk_menu`, `fk_constraint`) values (1701__+MAX_llx_menu__, 6);
insert into `llx_menu_const` (`fk_menu`, `fk_constraint`) values (1700__+MAX_llx_menu__, 12);
insert into `llx_menu_const` (`fk_menu`, `fk_constraint`) values (1704__+MAX_llx_menu__, 13);
-- Menu customers invoices
insert into `llx_menu_const` (`fk_menu`, `fk_constraint`) values (1705__+MAX_llx_menu__, 6);
insert into `llx_menu_const` (`fk_menu`, `fk_constraint`) values (1705__+MAX_llx_menu__, 13);
insert into `llx_menu_const` (`fk_menu`, `fk_constraint`) values (1705__+MAX_llx_menu__, 71);
insert into `llx_menu_const` (`fk_menu`, `fk_constraint`) values (1706__+MAX_llx_menu__, 14);
insert into `llx_menu_const` (`fk_menu`, `fk_constraint`) values (1706__+MAX_llx_menu__, 13);
insert into `llx_menu_const` (`fk_menu`, `fk_constraint`) values (1706__+MAX_llx_menu__, 71);
insert into `llx_menu_const` (`fk_menu`, `fk_constraint`) values (1707__+MAX_llx_menu__, 13);
insert into `llx_menu_const` (`fk_menu`, `fk_constraint`) values (1707__+MAX_llx_menu__, 71);
insert into `llx_menu_const` (`fk_menu`, `fk_constraint`) values (1708__+MAX_llx_menu__, 13);
insert into `llx_menu_const` (`fk_menu`, `fk_constraint`) values (1708__+MAX_llx_menu__, 71);
insert into `llx_menu_const` (`fk_menu`, `fk_constraint`) values (1709__+MAX_llx_menu__, 13);
insert into `llx_menu_const` (`fk_menu`, `fk_constraint`) values (1709__+MAX_llx_menu__, 71);
insert into `llx_menu_const` (`fk_menu`, `fk_constraint`) values (1710__+MAX_llx_menu__, 13);
insert into `llx_menu_const` (`fk_menu`, `fk_constraint`) values (1710__+MAX_llx_menu__, 71);

-- Menu checks deposit 
insert into `llx_menu_const` (`fk_menu`, `fk_constraint`) values (1711__+MAX_llx_menu__, 13);
insert into `llx_menu_const` (`fk_menu`, `fk_constraint`) values (1711__+MAX_llx_menu__, 21);
insert into `llx_menu_const` (`fk_menu`, `fk_constraint`) values (1712__+MAX_llx_menu__, 68);
insert into `llx_menu_const` (`fk_menu`, `fk_constraint`) values (1713__+MAX_llx_menu__, 68);

insert into `llx_menu_const` (`fk_menu`, `fk_constraint`) values (1714__+MAX_llx_menu__, 13);
insert into `llx_menu_const` (`fk_menu`, `fk_constraint`) values (1714__+MAX_llx_menu__, 71);

insert into `llx_menu_const` (`fk_menu`, `fk_constraint`) values (1800__+MAX_llx_menu__, 7);
insert into `llx_menu_const` (`fk_menu`, `fk_constraint`) values (1900__+MAX_llx_menu__, 13);
insert into `llx_menu_const` (`fk_menu`, `fk_constraint`) values (1900__+MAX_llx_menu__, 8);
insert into `llx_menu_const` (`fk_menu`, `fk_constraint`) values (2000__+MAX_llx_menu__, 15);
-- Menu trips and expenses
insert into `llx_menu_const` (`fk_menu`, `fk_constraint`) values (2100__+MAX_llx_menu__, 16);
insert into `llx_menu_const` (`fk_menu`, `fk_constraint`) values (2101__+MAX_llx_menu__, 64);
insert into `llx_menu_const` (`fk_menu`, `fk_constraint`) values (2102__+MAX_llx_menu__, 64);

-- Menu tax
insert into `llx_menu_const` (`fk_menu`, `fk_constraint`) values (2200__+MAX_llx_menu__, 17);
insert into `llx_menu_const` (`fk_menu`, `fk_constraint`) values (2201__+MAX_llx_menu__, 65);
insert into `llx_menu_const` (`fk_menu`, `fk_constraint`) values (2202__+MAX_llx_menu__, 65);
insert into `llx_menu_const` (`fk_menu`, `fk_constraint`) values (2203__+MAX_llx_menu__, 65);
insert into `llx_menu_const` (`fk_menu`, `fk_constraint`) values (2300__+MAX_llx_menu__, 18);
insert into `llx_menu_const` (`fk_menu`, `fk_constraint`) values (2300__+MAX_llx_menu__, 65);
insert into `llx_menu_const` (`fk_menu`, `fk_constraint`) values (2301__+MAX_llx_menu__, 65);
insert into `llx_menu_const` (`fk_menu`, `fk_constraint`) values (2302__+MAX_llx_menu__, 65);
insert into `llx_menu_const` (`fk_menu`, `fk_constraint`) values (2303__+MAX_llx_menu__, 65);
insert into `llx_menu_const` (`fk_menu`, `fk_constraint`) values (2304__+MAX_llx_menu__, 65);

-- Menu accountacy - Ventilation
insert into `llx_menu_const` (`fk_menu`, `fk_constraint`) values (2400__+MAX_llx_menu__, 19);

insert into `llx_menu_const` (`fk_menu`, `fk_constraint`) values (2500__+MAX_llx_menu__, 20);
insert into `llx_menu_const` (`fk_menu`, `fk_constraint`) values (2300__+MAX_llx_menu__, 21);

-- Menu bank 
insert into `llx_menu_const` (`fk_menu`, `fk_constraint`) values (2601__+MAX_llx_menu__, 69);
insert into `llx_menu_const` (`fk_menu`, `fk_constraint`) values (2602__+MAX_llx_menu__, 69);
insert into `llx_menu_const` (`fk_menu`, `fk_constraint`) values (2603__+MAX_llx_menu__, 69);
insert into `llx_menu_const` (`fk_menu`, `fk_constraint`) values (2604__+MAX_llx_menu__, 69);
insert into `llx_menu_const` (`fk_menu`, `fk_constraint`) values (2605__+MAX_llx_menu__, 69);
insert into `llx_menu_const` (`fk_menu`, `fk_constraint`) values (2606__+MAX_llx_menu__, 69);

insert into `llx_menu_const` (`fk_menu`, `fk_constraint`) values (2700__+MAX_llx_menu__, 22);
insert into `llx_menu_const` (`fk_menu`, `fk_constraint`) values (2800__+MAX_llx_menu__, 23);
insert into `llx_menu_const` (`fk_menu`, `fk_constraint`) values (2801__+MAX_llx_menu__, 6);
insert into `llx_menu_const` (`fk_menu`, `fk_constraint`) values (2803__+MAX_llx_menu__, 24);
insert into `llx_menu_const` (`fk_menu`, `fk_constraint`) values (2900__+MAX_llx_menu__, 25);
insert into `llx_menu_const` (`fk_menu`, `fk_constraint`) values (2901__+MAX_llx_menu__, 6);
insert into `llx_menu_const` (`fk_menu`, `fk_constraint`) values (3000__+MAX_llx_menu__, 7);
insert into `llx_menu_const` (`fk_menu`, `fk_constraint`) values (3100__+MAX_llx_menu__, 24);
insert into `llx_menu_const` (`fk_menu`, `fk_constraint`) values (3200__+MAX_llx_menu__, 26);
insert into `llx_menu_const` (`fk_menu`, `fk_constraint`) values (3201__+MAX_llx_menu__, 6);
insert into `llx_menu_const` (`fk_menu`, `fk_constraint`) values (3300__+MAX_llx_menu__, 5);
insert into `llx_menu_const` (`fk_menu`, `fk_constraint`) values (3301__+MAX_llx_menu__, 6);
insert into `llx_menu_const` (`fk_menu`, `fk_constraint`) values (3400__+MAX_llx_menu__, 13);
insert into `llx_menu_const` (`fk_menu`, `fk_constraint`) values (3401__+MAX_llx_menu__, 6);
insert into `llx_menu_const` (`fk_menu`, `fk_constraint`) values (3500__+MAX_llx_menu__, 8);
insert into `llx_menu_const` (`fk_menu`, `fk_constraint`) values (3600__+MAX_llx_menu__, 27);
insert into `llx_menu_const` (`fk_menu`, `fk_constraint`) values (3700__+MAX_llx_menu__, 27);
insert into `llx_menu_const` (`fk_menu`, `fk_constraint`) values (3800__+MAX_llx_menu__, 27);
insert into `llx_menu_const` (`fk_menu`, `fk_constraint`) values (3900__+MAX_llx_menu__, 28);
insert into `llx_menu_const` (`fk_menu`, `fk_constraint`) values (4000__+MAX_llx_menu__, 29);
insert into `llx_menu_const` (`fk_menu`, `fk_constraint`) values (4100__+MAX_llx_menu__, 30);
insert into `llx_menu_const` (`fk_menu`, `fk_constraint`) values (4130__+MAX_llx_menu__, 49);
insert into `llx_menu_const` (`fk_menu`, `fk_constraint`) values (4200__+MAX_llx_menu__, 31);
insert into `llx_menu_const` (`fk_menu`, `fk_constraint`) values (4300__+MAX_llx_menu__, 31);
insert into `llx_menu_const` (`fk_menu`, `fk_constraint`) values (4400__+MAX_llx_menu__, 31);
insert into `llx_menu_const` (`fk_menu`, `fk_constraint`) values (4500__+MAX_llx_menu__, 31);
insert into `llx_menu_const` (`fk_menu`, `fk_constraint`) values (4600__+MAX_llx_menu__, 31);
insert into `llx_menu_const` (`fk_menu`, `fk_constraint`) values (4700__+MAX_llx_menu__, 31);
insert into `llx_menu_const` (`fk_menu`, `fk_constraint`) values (4400__+MAX_llx_menu__, 21);
insert into `llx_menu_const` (`fk_menu`, `fk_constraint`) values (4501__+MAX_llx_menu__, 30);
insert into `llx_menu_const` (`fk_menu`, `fk_constraint`) values (1715__+MAX_llx_menu__, 13);
insert into `llx_menu_const` (`fk_menu`, `fk_constraint`) values (1716__+MAX_llx_menu__, 13);
insert into `llx_menu_const` (`fk_menu`, `fk_constraint`) values (1717__+MAX_llx_menu__, 13);
insert into `llx_menu_const` (`fk_menu`, `fk_constraint`) values (2804__+MAX_llx_menu__, 42);
insert into `llx_menu_const` (`fk_menu`, `fk_constraint`) values (2805__+MAX_llx_menu__, 42);
insert into `llx_menu_const` (`fk_menu`, `fk_constraint`) values (4800__+MAX_llx_menu__, 44);
insert into `llx_menu_const` (`fk_menu`, `fk_constraint`) values (4900__+MAX_llx_menu__, 26);
insert into `llx_menu_const` (`fk_menu`, `fk_constraint`) values (4901__+MAX_llx_menu__, 6);

-- Top menu
insert into `llx_menu_const` (`fk_menu`, `fk_constraint`) values (2__+MAX_llx_menu__, 32);
insert into `llx_menu_const` (`fk_menu`, `fk_constraint`) values (3__+MAX_llx_menu__, 33);
insert into `llx_menu_const` (`fk_menu`, `fk_constraint`) values (4__+MAX_llx_menu__, 34);
insert into `llx_menu_const` (`fk_menu`, `fk_constraint`) values (5__+MAX_llx_menu__, 35);
insert into `llx_menu_const` (`fk_menu`, `fk_constraint`) values (6__+MAX_llx_menu__, 36);
insert into `llx_menu_const` (`fk_menu`, `fk_constraint`) values (7__+MAX_llx_menu__, 27);
insert into `llx_menu_const` (`fk_menu`, `fk_constraint`) values (8__+MAX_llx_menu__, 37);
insert into `llx_menu_const` (`fk_menu`, `fk_constraint`) values (9__+MAX_llx_menu__, 47);
insert into `llx_menu_const` (`fk_menu`, `fk_constraint`) values (10__+MAX_llx_menu__, 46);
insert into `llx_menu_const` (`fk_menu`, `fk_constraint`) values (11__+MAX_llx_menu__, 38);
insert into `llx_menu_const` (`fk_menu`, `fk_constraint`) values (12__+MAX_llx_menu__, 39);
insert into `llx_menu_const` (`fk_menu`, `fk_constraint`) values (13__+MAX_llx_menu__, 31);
insert into `llx_menu_const` (`fk_menu`, `fk_constraint`) values (14__+MAX_llx_menu__, 72);

