"Bestellnummer (Empfänger)";"Institution (Empfänger)";"Geschäftspartner (Empfänger)";"Name (Empfänger)";"PLZ (Empfänger)";"Stadt (Empfänger)";"Land (Empfänger)";"Straße (Empfänger)";"Hausnummer (Empfänger)";"Zusatz 1 (Empfänger)";"Zusatz 2 (Empfänger)"
"asd";"asdasd aasd";"";"";"";"";"";"";"";"";""
"asd";"asdasd aasd";"";"";"";"";"";"";"";"";""
"asd";"asdasd aasd";"";"";"";"";"";"";"";"";""
"asd";"asdasd aasd";"";"";"";"";"";"";"";"";""
"asd";"asdasd aasd";"";"";"";"";"";"";"";"";""
"asd";"asdasd aasd";"";"";"";"";"";"";"";"";""
"asd";"asdasd aasd";"";"";"";"";"";"";"";"";""
"asd";"asdasd aasd";"";"";"";"";"";"";"";"";""
"asd";"asdasd aasd";"";"";"";"";"";"";"";"";""
"asd";"asdasd aasd";"";"";"";"";"";"";"";"";""
"asd";"asdasd aasd";"";"";"";"";"";"";"";"";""
"asd";"asdasd aasd";"";"";"";"";"";"";"";"";""
"asd";"asdasd aasd";"";"";"";"";"";"";"";"";""
"asd";"asdasd aasd";"";"";"";"";"";"";"";"";""
"asd";"asdasd aasd";"";"";"";"";"";"";"";"";""
"asd";"asdasd aasd";"";"";"";"";"";"";"";"";""
"Verein robotix4me";"Christoph Adl";"";"";"AT";"";"";"";"";"";""
"Robo-Si";"Andrea Albertini";"";"";"CH";"";"";"";"";"";""
"HTL Bregenz - School of Engineering";"Kurt Albrecht";"";"";"AT";"";"";"";"";"";""
"Schulverbund Süßen";"Sabine Allmendinger";"";"";"DE";"";"";"";"";"";""
"Ostbayerische Technische Hochschule Regensburg";" asd";"";"";"DE";"";"";"";"";"";""
"asdasd";"asdads asdsd";"";"";"";"";"";"";"";"";""
"asdasd";"asdads asdsd";"";"";"";"";"";"";"";"";""
"asdasd";"asdads asdsd";"";"";"";"";"";"";"";"";""
"asdasd";"asdads asdsd";"";"";"";"";"";"";"";"";""
"Private Pädagogische Hochschule der Diözese Linz";"Michael Atzwanger";"";"";"DE";"";"";"";"";"";""
"International School of Geneva";"Daniel Auger";"";"";"CH";"";"";"";"";"";""
"Benzenschwiler Eltern Netzwerk (BEN)";"Sandra Bachmann";"";"";"CH";"";"";"";"";"";""
"Benzenschwiler Eltern Netzwerk (BEN)";"Patrick Bachmann";"";"";"CH";"";"";"";"";"";""
"Cluster Mechatronik & Automation Management gGmbH";"Heiko Bartschat";"86159";"Ausburg";"DE";"Am Technologiezentrum 5";"";"";"";"";""
"IGS Rockenhausen";"Heiko Baumann";"";"";"DE";"";"";"";"";"";""
"BFI Tirol BILDUNG. FREUDE INKLUSIVE.";"Andreas Bellony";"";"";"AT";"";"";"";"";"";""
"Robo-Si";"Marco Beltrametti";"";"";"CH";"";"";"";"";"";""
"Siemens Professional Education";"Christian Bentz";"";"";"DE";"";"";"";"";"";""
"Westsächsische Hochschule Zwickau";"Susan Bergelt";"";"";"DE";"";"";"";"";"";""
"Brandenburgische Technische Universität Cottbus–Senftenberg";"Thomas Berlin";"";"";"DE";"";"";"";"";"";""
"Brose Fahrzeugteile SE & Co. KG, Würzburg";"Sebastian Betz";"";"";"DE";"";"";"";"";"";""
"Ursulaschule Osnabrück";"Malte Blanke";"";"";"DE";"";"";"";"";"";""
"Hochschule Fulda";"Sandra Blum";"";"";"DE";"";"";"";"";"";""
"Technische Hochschule Brandenburg";"Ingo Boersch";"";"";"DE";"";"";"";"";"";""
"Kooperative Gesamtschule Leeste";"Henning Brandt";"32454";"Bremen";"DE";"Appartement 14, Veilchenstraße 25";"";"";"";"";""
"Bernard Overberg Schule";"Karina Breuckmann";"";"";"DE";"";"";"";"";"";""
"Kopernikus-Gymnasium Rheine";"Gert Broelemann";"";"";"DE";"";"";"";"";"";""
"Schönstätter Marienschule";"Sr. Christamaria Brück";"";"";"DE";"";"";"";"";"";""
"CPNV, Centre professionnel du Nord vaudois";"Sabrina Chapuis";"10369";"Berlin";"CH";"Storkower Str. 205a";"";"";"";"";""
"Zurich International School";"Clement Cheah";"";"";"CH";"";"";"";"";"";""
"ROSEN Technology and Research Center GmbH";"Jessica Cordes";"";"";"DE";"";"";"";"";"";""
"Bernard Overberg Schule";"Klaus Deipenwisch";"";"";"DE";"";"";"";"";"";""
"Jakub Stříbrný";"Jakub Diarrhöö";"";"";"";"";"";"";"";"";""
"Jakub Stříbrný";"Jakub Diarrhöö";"";"";"";"";"";"";"";"";""
"Hochschule Offenburg";"Nicole Diebold";"";"";"DE";"";"";"";"";"";""
