"Bestellnummer (Empfänger)";"Institution (Empfänger)";"Geschäftspartner (Empfänger)";"Name (Empfänger)";"PLZ (Empfänger)";"Stadt (Empfänger)";"Land (Empfänger)";"Straße (Empfänger)";"Hausnummer (Empfänger)";"Zusatz 1 (Empfänger)";"Zusatz 2 (Empfänger)"
"CO2108-0035";"";"Fachhochschule Westküste";"Ingmar Georg Stauff";"";"";"DE";"";"";"";""
"CO2107-0034";"";"Testrechnungsname";"";"";"";"DE";"";"";"";""
"CO2107-0033";"";"Postyou Digital 4";"Mario Gienapp";"";"";"DE";"";"";"";""
"CO2106-0032";"";"Gienapp";"";"";"";"DE";"";"";"";""
"CO2106-0029";"";"Jakub Diarrhööö";"";"";"";"DE";"";"";"";""
"CO2106-0028";"Kubaschule";"Jakub Stříbrný";"";"";"";"DE";"";"";"";""
"CO2106-0027";"";"Jakub Stříbrný";"";"";"";"DE";"";"";"";""
"CO2106-0026";"";"Jakub Stříbrný";"";"";"";"DE";"";"";"";""
"CO2106-0025";"";"Jakub Stříbrný";"";"";"";"DE";"";"";"";""
"CO2106-0024";"";"Testen";"";"";"";"DE";"";"";"";""
"CO2106-0023";"";"Jakub Stříbrný";"";"";"";"DE";"";"";"";""
"CO2106-0022";"";"Jakub Stříbrný";"";"";"";"DE";"";"";"";""
"CO2106-0021";"";"TEst";"";"";"";"DE";"";"";"";""
"CO2106-0020";"";"Postyou Digital 7";"";"";"";"DE";"";"";"";""
"CO2106-0019";"";"Postyou Digital 4";"Horst Grobian";"12345";"Hinterhausen";"DE";" Straß 1";"";"";""
"CO2105-0031";"";"Hochschule Merseburg";"";"";"";"DE";"";"";"";""
"CO2105-0018";"";"Hochschule Mannheim";"";"";"";"DE";"";"";"";""
"CO2105-0017";"";"Postyou Digital";"";"";"";"DE";"";"";"";""
"CO2105-0014";"";"Laatzen";"";"";"";"";"";"";"";""
"CO2105-0013";"";"Max Mustermann";"";"";"";"DE";"";"";"";""
"CO2105-0012";"";"HTL-BULME Graz-Gösting";"";"";"";"AT";"";"";"";""
"CO2105-0011";"";"Ursulaschule Osnabrück";"";"";"";"DE";"";"";"";""
"CO2102-0030";"";"Schule Hintertupfingen";"";"";"";"DE";"";"";"";""
"CO2102-0010";"";"Universität Heidelberg";" Lieferadresse";"75031";"Eppingen";"DE";"NanoGiants Academy e.V., Thomas Madeya, Freudenhälde 17";"";"";""
"CO2102-0009";"";"Schule Hintertupfingen";"";"";"";"DE";"";"";"";""
"CO2102-0008";"";"Cluster Mechatronik & Automation Management gGmbH";"";"";"";"DE";"";"";"";""
"CO2102-0007";"";"Cluster Mechatronik & Automation Management gGmbH";"";"";"";"DE";"";"";"";""
"CO2102-0006";"";"John Deere";"";"";"";"DE";"";"";"";""
"CO2102-0005";"";"Jugend trifft Technik e.V.";"";"";"";"DE";"";"";"";""
"CO2102-0004";"";"Jugend trifft Technik e.V.";"";"";"";"DE";"";"";"";""
"CO2102-0003";"";"Jugend trifft Technik e.V.";"";"";"";"DE";"";"";"";""
"CO2102-0002";"";"John Deere";"";"";"";"DE";"";"";"";""
"CO2102-0001";"";"Universität Heidelberg";" Lieferadresse";"75031";"Eppingen";"DE";"NanoGiants Academy e.V., Thomas Madeya, Freudenhälde 17";"";"";""
"(PROV86)";"";"Jakub Stříbrný";"";"";"";"DE";"";"";"";""
"(PROV85)";"";"Jakub Stříbrný";"";"";"";"DE";"";"";"";""
"(PROV84)";"";"Postyou Digital 5";"";"";"";"DE";"";"";"";""
"(PROV83)";"";"Postyou Digital 4";"";"";"";"DE";"";"";"";""
"(PROV80)";"";"Postyou Digital 4";"";"";"";"DE";"";"";"";""
"(PROV67)";"";"Postyou Digital 4";"";"";"";"DE";"";"";"";""
"(PROV66)";"";"Postyou Digital 4";"";"";"";"DE";"";"";"";""
"(PROV65)";"";"Postyou Digital 3";"";"";"";"DE";"";"";"";""
"(PROV64)";"";"Postyou Digital 3";"";"";"";"DE";"";"";"";""
"(PROV63)";"";"Postyou Digital 3";"";"";"";"DE";"";"";"";""
"(PROV62)";"";"asd";"";"";"";"DE";"";"";"";""
"(PROV61)";"";"asd";"";"";"";"DE";"";"";"";""
"(PROV60)";"";"asd";"";"";"";"DE";"";"";"";""
"(PROV59)";"";"asd";"";"";"";"DE";"";"";"";""
"(PROV58)";"";"asd";"";"";"";"DE";"";"";"";""
"(PROV57)";"";"asd";"";"";"";"DE";"";"";"";""
"(PROV56)";"";"asd";"";"";"";"DE";"";"";"";""
"(PROV55)";"";"asd";"";"";"";"DE";"";"";"";""
"(PROV53)";"";"Universität Heidelberg";"";"";"";"DE";"";"";"";""
"(PROV52)";"";"Postyou Digital 2";"";"";"";"DE";"";"";"";""
"(PROV50)";"";"asdasd";"";"";"";"DE";"";"";"";""
"(PROV49)";"";"asdasd";"";"";"";"DE";"";"";"";""
"(PROV48)";"";"Universität Heidelberg";"";"";"";"DE";"";"";"";""
"(PROV47)";"";"Laatzen";"";"";"";"";"";"";"";""
"(PROV39)";"";"BFI Tirol BILDUNG. FREUDE INKLUSIVE.";"";"";"";"AT";"";"";"";""
"(PROV38)";"";"BFI Tirol BILDUNG. FREUDE INKLUSIVE.";"";"";"";"AT";"";"";"";""
"(PROV36)";"";"Laatzen";"";"";"";"";"";"";"";""
"(PROV35)";"";"Laatzen";"";"";"";"";"";"";"";""
"(PROV34)";"";"Laatzen";"";"";"";"";"";"";"";""
"(PROV33)";"";"Laatzen";"";"";"";"";"";"";"";""
"(PROV31)";"";"Laatzen";"";"";"";"";"";"";"";""
"(PROV30)";"";"Laatzen";"";"";"";"";"";"";"";""
"(PROV3)";"";"Universität Heidelberg";" Lieferadresse";"75031";"Eppingen";"DE";"NanoGiants Academy e.V., Thomas Madeya, Freudenhälde 17";"";"";""
"(PROV29)";"";"Laatzen";"";"";"";"";"";"";"";""
"(PROV28)";"";"Laatzen";"";"";"";"";"";"";"";""
"(PROV27)";"";"Laatzen";"";"";"";"";"";"";"";""
"(PROV26)";"";"Laatzen";"";"";"";"";"";"";"";""
"(PROV24)";"";"Laatzen";"";"";"";"";"";"";"";""
"(PROV23)";"";"Schule Hintertupfingen";"";"";"";"DE";"";"";"";""
"(PROV22)";"";"Schule Hintertupfingen";"";"";"";"DE";"";"";"";""
"(PROV21)";"";"Schule Hintertupfingen";"";"";"";"DE";"";"";"";""
"(PROV20)";"";"Schule Hintertupfingen";"";"";"";"DE";"";"";"";""
"(PROV17)";"";"HTL Bregenz - School of Engineering";"";"";"";"AT";"";"";"";""
"(PROV14)";"";"API";"";"";"";"DE";"";"";"";""
"(PROV100)";"";"Universität Heidelberg";"";"";"";"DE";"";"";"";""
"(PROV10)";"";"Cluster Mechatronik & Automation Management gGmbH";"";"";"";"DE";"";"";"";""
