alter table llx_contrat add fk_facturedet integer NOT NULL default 0 after fk_facture;
alter table llx_contrat change fk_user_cloture fk_user_cloture integer;
alter table llx_contrat change fk_user_mise_en_service fk_user_mise_en_service integer;

alter table llx_facturedet add date_start date;
alter table llx_facturedet add date_end   date;

alter table llx_user add egroupware_id integer;
alter table llx_societe add siret     varchar(14) after siren;
alter table llx_societe add ape       varchar(4) after siret;
alter table llx_societe add tva_intra varchar(20) after ape;
alter table llx_societe add capital real after tva_intra;
alter table llx_societe add rubrique varchar(255);

alter table llx_societe add fk_forme_juridique integer default 0 after fk_typent;

alter table llx_societe add fk_departement integer default 0 after ville;

alter table llx_societe add fk_user_creat integer;
alter table llx_societe add fk_user_modif integer;

alter table llx_socpeople add civilite smallint;
alter table llx_socpeople add fk_user_modif integer;


alter table llx_paiement add tms timestamp after datec;
alter table llx_paiement add fk_user_creat integer;
alter table llx_paiement add fk_user_modif integer;

alter table llx_propal add fin_validite datetime ;

alter table llx_entrepot add statut tinyint default 1;

alter table llx_product add stock_propale integer default 0;
alter table llx_product add stock_commande integer default 0;
alter table llx_product add seuil_stock_alerte integer default 0;

alter table llx_groupart add description text after groupart ;

alter table llx_socpeople add phone_perso varchar(30) after phone ;
alter table llx_socpeople add phone_mobile varchar(30) after phone_perso ;
alter table llx_socpeople add jabberid varchar(255) after email ;
alter table llx_socpeople add birthday date after address ;
alter table llx_socpeople add tms timestamp after datec ;

alter table llx_facture_fourn drop index facnumber ;
alter table llx_facture_fourn add unique index (facnumber, fk_soc) ;

alter table llx_bank_account modify bank varchar(60);
alter table llx_bank_account modify domiciliation varchar(255);
alter table llx_bank_account add proprio varchar(60) after domiciliation ;
alter table llx_bank_account add adresse_proprio varchar(255) after proprio ;

alter table llx_paiement add fk_bank integer NOT NULL after note ;
alter table llx_paiementfourn add fk_bank integer NOT NULL after note ;


alter table c_paiement rename llx_c_paiement ;
alter table c_propalst rename llx_c_propalst ;

alter table c_actioncomm     rename llx_c_actioncomm ;
alter table c_chargesociales rename llx_c_chargesociales ;
alter table c_effectif       rename llx_c_effectif ;
alter table c_pays           rename llx_c_pays ;
alter table c_stcomm         rename llx_c_stcomm ;
alter table c_typent         rename llx_c_typent ;


create table llx_birthday_alert
(
  rowid        integer AUTO_INCREMENT PRIMARY KEY,
  fk_contact   integer,
  fk_user      integer
)type=innodb;

create table llx_co_fa
(
  rowid       integer AUTO_INCREMENT PRIMARY KEY,
  fk_commande integer NOT NULL,
  fk_facture  integer NOT NULL,

  key(fk_commande),
  key(fk_facture)
)type=innodb;

create table llx_paiement_facture
(
  rowid           integer AUTO_INCREMENT PRIMARY KEY,
  fk_paiement     integer,
  fk_facture      integer,
  amount          real default 0,
  
  key (fk_paiement),
  key( fk_facture)
)type=innodb;


insert into llx_const(name, value, type, note) values ('MAIN_UPLOAD_DOC','1','chaine','Authorise l\'upload de document');


drop table llx_c_forme_juridique;

create table llx_c_forme_juridique
(
  rowid      integer AUTO_INCREMENT PRIMARY KEY,
  fk_pays    integer default 1,
  code       integer UNIQUE,
  libelle    varchar(255),
  active     tinyint default 1

)type=innodb;


insert into llx_c_forme_juridique (rowid,fk_pays, code, libelle) values (0, 0, 0,'Non renseignée');

insert into llx_c_forme_juridique (fk_pays, code, libelle) values (1,11,'Artisan Commerçant');
insert into llx_c_forme_juridique (fk_pays, code, libelle) values (1,12,'Commerçant');
insert into llx_c_forme_juridique (fk_pays, code, libelle) values (1,13,'Artisan');
insert into llx_c_forme_juridique (fk_pays, code, libelle) values (1,14,'Officier public ou ministériel');
insert into llx_c_forme_juridique (fk_pays, code, libelle) values (1,15,'Profession libérale');
insert into llx_c_forme_juridique (fk_pays, code, libelle) values (1,16,'Exploitant agricole');
insert into llx_c_forme_juridique (fk_pays, code, libelle) values (1,17,'Agent commercial');
insert into llx_c_forme_juridique (fk_pays, code, libelle) values (1,18,'Associé Gérant de société');
insert into llx_c_forme_juridique (fk_pays, code, libelle) values (1,19,'(Autre) personne physique');
insert into llx_c_forme_juridique (fk_pays, code, libelle) values (1,21,'Indivision');
insert into llx_c_forme_juridique (fk_pays, code, libelle) values (1,22,'Société créée de fait');
insert into llx_c_forme_juridique (fk_pays, code, libelle) values (1,23,'Société en participation');
insert into llx_c_forme_juridique (fk_pays, code, libelle) values (1,27,'Paroisse hors zone concordataire');
insert into llx_c_forme_juridique (fk_pays, code, libelle) values (1,29,'Autre groupement de droit privé non doté de la personnalité morale');
insert into llx_c_forme_juridique (fk_pays, code, libelle) values (1,31,'Personne morale de droit étranger, immatriculée au RCS (registre du commerce et des sociétés)');
insert into llx_c_forme_juridique (fk_pays, code, libelle) values (1,32,'Personne morale de droit étranger, non immatriculée au RCS');

insert into llx_c_forme_juridique (fk_pays, code, libelle) values (1,41,'Établissement public ou régie à caractère industriel ou commercial');

insert into llx_c_forme_juridique (fk_pays, code, libelle) values (1,51,'Société coopérative commerciale particulière');
insert into llx_c_forme_juridique (fk_pays, code, libelle) values (1,52,'Société en nom collectif');
insert into llx_c_forme_juridique (fk_pays, code, libelle) values (1,53,'Société en commandite');
insert into llx_c_forme_juridique (fk_pays, code, libelle) values (1,54,'Société à responsabilité limité (SARL)');
insert into llx_c_forme_juridique (fk_pays, code, libelle) values (1,55,'Société anonyme à conseil d\'administration');
insert into llx_c_forme_juridique (fk_pays, code, libelle) values (1,56,'Société anonyme à directoire');
insert into llx_c_forme_juridique (fk_pays, code, libelle) values (1,57,'Société par actions simplifiée');

insert into llx_c_forme_juridique (fk_pays, code, libelle) values (1,61,'Caisse d\'épargne et de prévoyance');
insert into llx_c_forme_juridique (fk_pays, code, libelle) values (1,62,'Groupement d\'intérêt économique');
insert into llx_c_forme_juridique (fk_pays, code, libelle) values (1,63,'Société coopérative agricole');
insert into llx_c_forme_juridique (fk_pays, code, libelle) values (1,64,'Société non commerciale d\'assurances');
insert into llx_c_forme_juridique (fk_pays, code, libelle) values (1,65,'Société civile');
insert into llx_c_forme_juridique (fk_pays, code, libelle) values (1,69,'Autres personnes de droit privé inscrites au registre du commerce et des sociétés');

insert into llx_c_forme_juridique (fk_pays, code, libelle) values (1,71,'Administration de l\'état');
insert into llx_c_forme_juridique (fk_pays, code, libelle) values (1,72,'Collectivité territoriale');
insert into llx_c_forme_juridique (fk_pays, code, libelle) values (1,73,'Établissement public administratif');
insert into llx_c_forme_juridique (fk_pays, code, libelle) values (1,74,'Autre personne morale de droit public administratif');

insert into llx_c_forme_juridique (fk_pays, code, libelle) values (1,81,'Organisme gérant un régime de protection social à adhésion obligatoire');
insert into llx_c_forme_juridique (fk_pays, code, libelle) values (1,82,'Organisme mutualiste');
insert into llx_c_forme_juridique (fk_pays, code, libelle) values (1,83,'Comité d\'entreprise');
insert into llx_c_forme_juridique (fk_pays, code, libelle) values (1,84,'Organisme professionnel');
insert into llx_c_forme_juridique (fk_pays, code, libelle) values (1,85,'Organisme de retraite à adhésion non obligatoire');

insert into llx_c_forme_juridique (fk_pays, code, libelle) values (1,91,'Syndicat de propriétaires');
insert into llx_c_forme_juridique (fk_pays, code, libelle) values (1,92,'Association loi 1901 ou assimilé');
insert into llx_c_forme_juridique (fk_pays, code, libelle) values (1,93,'Fondation');
insert into llx_c_forme_juridique (fk_pays, code, libelle) values (1,99,'Autre personne morale de droit privé');


insert into llx_c_forme_juridique (fk_pays, code, libelle) values (2,100,'Indépendant');
insert into llx_c_forme_juridique (fk_pays, code, libelle) values (2,101,'SC - Coopérative');
insert into llx_c_forme_juridique (fk_pays, code, libelle) values (2,102,'SCRL - Coopérative à responsabilité limitée');
insert into llx_c_forme_juridique (fk_pays, code, libelle) values (2,103,'SPRL - Société à responsabilité limitée');
insert into llx_c_forme_juridique (fk_pays, code, libelle) values (2,104,'SA - Société Anonyme');
insert into llx_c_forme_juridique (fk_pays, code, libelle) values (2,105,'Société en nom collectif');
insert into llx_c_forme_juridique (fk_pays, code, libelle) values (2,106,'Société en commandite');
insert into llx_c_forme_juridique (fk_pays, code, libelle) values (2,107,'Administration publique');
insert into llx_c_forme_juridique (fk_pays, code, libelle) values (2,108,'Syndicat de propriétaires');
insert into llx_c_forme_juridique (fk_pays, code, libelle) values (2,109,'Fondations');




update llx_paiement set author = null where author = '';

create table llx_paiementcharge
(
  rowid           integer AUTO_INCREMENT PRIMARY KEY,
  fk_charge       integer,
  datec           datetime,
  tms             timestamp,
  datep           datetime,
  amount          real default 0,
  fk_typepaiement integer NOT NULL,
  num_paiement    varchar(50),
  note            text,
  fk_bank         integer NOT NULL,
  fk_user_creat   integer,
  fk_user_modif   integer

)type=innodb;


update llx_const set visible=0 where name like 'ADHERENT%';
update llx_const set visible=0 where name like 'PROPALE_ADDON%';

drop table llx_c_pays;

create table llx_c_pays
(
  rowid    integer PRIMARY KEY,
  libelle  varchar(25)  NOT NULL,
  code     char(2)      NOT NULL,
  active      tinyint default 1  NOT NULL,
)type=innodb;

insert into llx_c_pays (rowid,libelle,code) values (0, '-',               '');
insert into llx_c_pays (rowid,libelle,code) values (1, 'France',          'FR');
insert into llx_c_pays (rowid,libelle,code) values (2, 'Belgique',        'BE');
insert into llx_c_pays (rowid,libelle,code) values (3, 'Italie',          'IT');
insert into llx_c_pays (rowid,libelle,code) values (4, 'Espagne',         'ES');
insert into llx_c_pays (rowid,libelle,code) values (5, 'Allemagne',       'DE');
insert into llx_c_pays (rowid,libelle,code) values (6, 'Suisse',          'CH');
insert into llx_c_pays (rowid,libelle,code) values (7, 'Royaume uni',     'GB');
insert into llx_c_pays (rowid,libelle,code) values (8, 'Irlande',         'IE');
insert into llx_c_pays (rowid,libelle,code) values (9, 'Chine',           'CN');
insert into llx_c_pays (rowid,libelle,code) values (10, 'Tunisie',        'TN');
insert into llx_c_pays (rowid,libelle,code) values (11, 'Etats Unis',     'US');
insert into llx_c_pays (rowid,libelle,code) values (12, 'Maroc',          'MA');
insert into llx_c_pays (rowid,libelle,code) values (13, 'Algérie',        'DZ');
insert into llx_c_pays (rowid,libelle,code) values (14, 'Canada',         'CA');
insert into llx_c_pays (rowid,libelle,code) values (15, 'Togo',           'TG');
insert into llx_c_pays (rowid,libelle,code) values (16, 'Gabon',          'GA');
insert into llx_c_pays (rowid,libelle,code) values (17, 'Pays Bas',       'NL');
insert into llx_c_pays (rowid,libelle,code) values (18, 'Hongrie',        'HU');
insert into llx_c_pays (rowid,libelle,code) values (19, 'Russie',         'RU');
insert into llx_c_pays (rowid,libelle,code) values (20, 'Suède',          'SE');
insert into llx_c_pays (rowid,libelle,code) values (21, 'Côte d\'Ivoire', 'CI');
insert into llx_c_pays (rowid,libelle,code) values (23, 'Sénégal',        'SN');
insert into llx_c_pays (rowid,libelle,code) values (24, 'Argentine',      'AR');
insert into llx_c_pays (rowid,libelle,code) values (25, 'Cameroun',       'CM');

drop table if exists llx_c_departements;
drop table if exists llx_c_regions;

create table llx_c_regions
(
  rowid       integer AUTO_INCREMENT PRIMARY KEY,
  code_region integer UNIQUE,
  fk_pays     integer default 1,
  cheflieu    varchar(7),
  tncc        integer,
  nom         varchar(50),
  active      tinyint default 1
)type=innodb;

create table llx_c_departements
(
  rowid       integer AUTO_INCREMENT PRIMARY KEY,
  code_departement char(3),
  fk_region   integer,
  cheflieu    varchar(7),
  tncc        integer,
  ncc         varchar(50),
  nom         varchar(50),
  active      tinyint default 1,

  key (fk_region)
)type=innodb;

ALTER TABLE llx_c_departements ADD FOREIGN KEY (fk_region) REFERENCES llx_c_regions (code_region);

insert into llx_c_regions (rowid,fk_pays,code_region,cheflieu,tncc,nom) values (0,0,0,'0',0,'-');
insert into llx_c_regions (rowid,fk_pays,code_region,cheflieu,tncc,nom) values (101,1,  1,'97105',3,'Guadeloupe');
insert into llx_c_regions (rowid,fk_pays,code_region,cheflieu,tncc,nom) values (102,1,  2,'97209',3,'Martinique');
insert into llx_c_regions (rowid,fk_pays,code_region,cheflieu,tncc,nom) values (103,1,  3,'97302',3,'Guyane');
insert into llx_c_regions (rowid,fk_pays,code_region,cheflieu,tncc,nom) values (104,1,  4,'97411',3,'Réunion');
insert into llx_c_regions (rowid,fk_pays,code_region,cheflieu,tncc,nom) values (105,1, 11,'75056',1,'Île-de-France');
insert into llx_c_regions (rowid,fk_pays,code_region,cheflieu,tncc,nom) values (106,1, 21,'51108',0,'Champagne-Ardenne');
insert into llx_c_regions (rowid,fk_pays,code_region,cheflieu,tncc,nom) values (107,1, 22,'80021',0,'Picardie');
insert into llx_c_regions (rowid,fk_pays,code_region,cheflieu,tncc,nom) values (108,1, 23,'76540',0,'Haute-Normandie');
insert into llx_c_regions (rowid,fk_pays,code_region,cheflieu,tncc,nom) values (109,1, 24,'45234',2,'Centre');
insert into llx_c_regions (rowid,fk_pays,code_region,cheflieu,tncc,nom) values (110,1, 25,'14118',0,'Basse-Normandie');
insert into llx_c_regions (rowid,fk_pays,code_region,cheflieu,tncc,nom) values (111,1, 26,'21231',0,'Bourgogne');
insert into llx_c_regions (rowid,fk_pays,code_region,cheflieu,tncc,nom) values (112,1, 31,'59350',2,'Nord-Pas-de-Calais');
insert into llx_c_regions (rowid,fk_pays,code_region,cheflieu,tncc,nom) values (113,1, 41,'57463',0,'Lorraine');
insert into llx_c_regions (rowid,fk_pays,code_region,cheflieu,tncc,nom) values (114,1, 42,'67482',1,'Alsace');
insert into llx_c_regions (rowid,fk_pays,code_region,cheflieu,tncc,nom) values (115,1, 43,'25056',0,'Franche-Comté');
insert into llx_c_regions (rowid,fk_pays,code_region,cheflieu,tncc,nom) values (116,1, 52,'44109',4,'Pays de la Loire');
insert into llx_c_regions (rowid,fk_pays,code_region,cheflieu,tncc,nom) values (117,1, 53,'35238',0,'Bretagne');
insert into llx_c_regions (rowid,fk_pays,code_region,cheflieu,tncc,nom) values (118,1, 54,'86194',2,'Poitou-Charentes');
insert into llx_c_regions (rowid,fk_pays,code_region,cheflieu,tncc,nom) values (119,1, 72,'33063',1,'Aquitaine');
insert into llx_c_regions (rowid,fk_pays,code_region,cheflieu,tncc,nom) values (120,1, 73,'31555',0,'Midi-Pyrénées');
insert into llx_c_regions (rowid,fk_pays,code_region,cheflieu,tncc,nom) values (121,1, 74,'87085',2,'Limousin');
insert into llx_c_regions (rowid,fk_pays,code_region,cheflieu,tncc,nom) values (122,1, 82,'69123',2,'Rhône-Alpes');
insert into llx_c_regions (rowid,fk_pays,code_region,cheflieu,tncc,nom) values (123,1, 83,'63113',1,'Auvergne');
insert into llx_c_regions (rowid,fk_pays,code_region,cheflieu,tncc,nom) values (124,1, 91,'34172',2,'Languedoc-Roussillon');
insert into llx_c_regions (rowid,fk_pays,code_region,cheflieu,tncc,nom) values (125,1, 93,'13055',0,'Provence-Alpes-Côte d\'Azur');
insert into llx_c_regions (rowid,fk_pays,code_region,cheflieu,tncc,nom) values (126,1, 94,'2A004',0,'Corse');
insert into llx_c_regions (rowid,fk_pays,code_region,cheflieu,tncc,nom) values (201,2,201,'',1,'Flandre');
insert into llx_c_regions (rowid,fk_pays,code_region,cheflieu,tncc,nom) values (202,2,202,'',2,'Wallonie');
insert into llx_c_regions (rowid,fk_pays,code_region,cheflieu,tncc,nom) values (203,2,203,'02408',3,'Bruxelles-Capitale');

insert into llx_c_departements (rowid, fk_region, code_departement,cheflieu,tncc,ncc,nom) values (0,0,0,'0',0,'-','-');
insert into llx_c_departements (fk_region, code_departement,cheflieu,tncc,ncc,nom) values (82,'01','01053',5,'AIN','Ain');
insert into llx_c_departements (fk_region, code_departement,cheflieu,tncc,ncc,nom) values (22,'02','02408',5,'AISNE','Aisne');
insert into llx_c_departements (fk_region, code_departement,cheflieu,tncc,ncc,nom) values (83,'03','03190',5,'ALLIER','Allier');
insert into llx_c_departements (fk_region, code_departement,cheflieu,tncc,ncc,nom) values (93,'04','04070',4,'ALPES-DE-HAUTE-PROVENCE','Alpes-de-Haute-Provence');
insert into llx_c_departements (fk_region, code_departement,cheflieu,tncc,ncc,nom) values (93,'05','05061',4,'HAUTES-ALPES','Hautes-Alpes');
insert into llx_c_departements (fk_region, code_departement,cheflieu,tncc,ncc,nom) values (93,'06','06088',4,'ALPES-MARITIMES','Alpes-Maritimes');
insert into llx_c_departements (fk_region, code_departement,cheflieu,tncc,ncc,nom) values (82,'07','07186',5,'ARDECHE','Ardèche');
insert into llx_c_departements (fk_region, code_departement,cheflieu,tncc,ncc,nom) values (21,'08','08105',4,'ARDENNES','Ardennes');
insert into llx_c_departements (fk_region, code_departement,cheflieu,tncc,ncc,nom) VALUES (73,'09','09122',5,'ARIEGE','Ariège');
insert into llx_c_departements (fk_region, code_departement,cheflieu,tncc,ncc,nom) VALUES (21,'10','10387',5,'AUBE','Aube');
insert into llx_c_departements (fk_region, code_departement,cheflieu,tncc,ncc,nom) VALUES (91,'11','11069',5,'AUDE','Aude');
insert into llx_c_departements (fk_region, code_departement,cheflieu,tncc,ncc,nom) values (73,'12','12202',5,'AVEYRON','Aveyron');
insert into llx_c_departements (fk_region, code_departement,cheflieu,tncc,ncc,nom) values (93,'13','13055',4,'BOUCHES-DU-RHONE','Bouches-du-Rhône');
insert into llx_c_departements (fk_region, code_departement,cheflieu,tncc,ncc,nom) values (25,'14','14118',2,'CALVADOS','Calvados');
insert into llx_c_departements (fk_region, code_departement,cheflieu,tncc,ncc,nom) values (83,'15','15014',2,'CANTAL','Cantal');
insert into llx_c_departements (fk_region, code_departement,cheflieu,tncc,ncc,nom) values (54,'16','16015',3,'CHARENTE','Charente');
insert into llx_c_departements (fk_region, code_departement,cheflieu,tncc,ncc,nom) values (54,'17','17300',3,'CHARENTE-MARITIME','Charente-Maritime');
insert into llx_c_departements (fk_region, code_departement,cheflieu,tncc,ncc,nom) values (24,'18','18033',2,'CHER','Cher');
insert into llx_c_departements (fk_region, code_departement,cheflieu,tncc,ncc,nom) values (74,'19','19272',3,'CORREZE','Corrèze');
insert into llx_c_departements (fk_region, code_departement,cheflieu,tncc,ncc,nom) values (94,'2A','2A004',3,'CORSE-DU-SUD','Corse-du-Sud');
insert into llx_c_departements (fk_region, code_departement,cheflieu,tncc,ncc,nom) values (94,'2B','2B033',3,'HAUTE-CORSE','Haute-Corse');
insert into llx_c_departements (fk_region, code_departement,cheflieu,tncc,ncc,nom) values (26,'21','21231',3,'COTE-D\'OR','Côte-d\'Or');
insert into llx_c_departements (fk_region, code_departement,cheflieu,tncc,ncc,nom) values (53,'22','22278',4,'COTES-D\'ARMOR','Côtes-d\'Armor');
insert into llx_c_departements (fk_region, code_departement,cheflieu,tncc,ncc,nom) values (74,'23','23096',3,'CREUSE','Creuse');
insert into llx_c_departements (fk_region, code_departement,cheflieu,tncc,ncc,nom) values (72,'24','24322',3,'DORDOGNE','Dordogne');
insert into llx_c_departements (fk_region, code_departement,cheflieu,tncc,ncc,nom) values (43,'25','25056',2,'DOUBS','Doubs');
insert into llx_c_departements (fk_region, code_departement,cheflieu,tncc,ncc,nom) values (82,'26','26362',3,'DROME','Drôme');
insert into llx_c_departements (fk_region, code_departement,cheflieu,tncc,ncc,nom) values (23,'27','27229',5,'EURE','Eure');
insert into llx_c_departements (fk_region, code_departement,cheflieu,tncc,ncc,nom) values (24,'28','28085',1,'EURE-ET-LOIR','Eure-et-Loir');
insert into llx_c_departements (fk_region, code_departement,cheflieu,tncc,ncc,nom) values (53,'29','29232',2,'FINISTERE','Finistère');
insert into llx_c_departements (fk_region, code_departement,cheflieu,tncc,ncc,nom) values (91,'30','30189',2,'GARD','Gard');
insert into llx_c_departements (fk_region, code_departement,cheflieu,tncc,ncc,nom) values (73,'31','31555',3,'HAUTE-GARONNE','Haute-Garonne');
insert into llx_c_departements (fk_region, code_departement,cheflieu,tncc,ncc,nom) values (73,'32','32013',2,'GERS','Gers');
insert into llx_c_departements (fk_region, code_departement,cheflieu,tncc,ncc,nom) values (72,'33','33063',3,'GIRONDE','Gironde');
insert into llx_c_departements (fk_region, code_departement,cheflieu,tncc,ncc,nom) values (91,'34','34172',5,'HERAULT','Hérault');
insert into llx_c_departements (fk_region, code_departement,cheflieu,tncc,ncc,nom) values (53,'35','35238',1,'ILLE-ET-VILAINE','Ille-et-Vilaine');
insert into llx_c_departements (fk_region, code_departement,cheflieu,tncc,ncc,nom) values (24,'36','36044',5,'INDRE','Indre');
insert into llx_c_departements (fk_region, code_departement,cheflieu,tncc,ncc,nom) values (24,'37','37261',1,'INDRE-ET-LOIRE','Indre-et-Loire');
insert into llx_c_departements (fk_region, code_departement,cheflieu,tncc,ncc,nom) values (82,'38','38185',5,'ISERE','Isère');
insert into llx_c_departements (fk_region, code_departement,cheflieu,tncc,ncc,nom) values (43,'39','39300',2,'JURA','Jura');
insert into llx_c_departements (fk_region, code_departement,cheflieu,tncc,ncc,nom) values (72,'40','40192',4,'LANDES','Landes');
insert into llx_c_departements (fk_region, code_departement,cheflieu,tncc,ncc,nom) values (24,'41','41018',0,'LOIR-ET-CHER','Loir-et-Cher');
insert into llx_c_departements (fk_region, code_departement,cheflieu,tncc,ncc,nom) values (82,'42','42218',3,'LOIRE','Loire');
insert into llx_c_departements (fk_region, code_departement,cheflieu,tncc,ncc,nom) values (83,'43','43157',3,'HAUTE-LOIRE','Haute-Loire');
insert into llx_c_departements (fk_region, code_departement,cheflieu,tncc,ncc,nom) values (52,'44','44109',3,'LOIRE-ATLANTIQUE','Loire-Atlantique');
insert into llx_c_departements (fk_region, code_departement,cheflieu,tncc,ncc,nom) values (24,'45','45234',2,'LOIRET','Loiret');
insert into llx_c_departements (fk_region, code_departement,cheflieu,tncc,ncc,nom) values (73,'46','46042',2,'LOT','Lot');
insert into llx_c_departements (fk_region, code_departement,cheflieu,tncc,ncc,nom) values (72,'47','47001',0,'LOT-ET-GARONNE','Lot-et-Garonne');
insert into llx_c_departements (fk_region, code_departement,cheflieu,tncc,ncc,nom) values (91,'48','48095',3,'LOZERE','Lozère');
insert into llx_c_departements (fk_region, code_departement,cheflieu,tncc,ncc,nom) values (52,'49','49007',0,'MAINE-ET-LOIRE','Maine-et-Loire');
insert into llx_c_departements (fk_region, code_departement,cheflieu,tncc,ncc,nom) values (25,'50','50502',3,'MANCHE','Manche');
insert into llx_c_departements (fk_region, code_departement,cheflieu,tncc,ncc,nom) values (21,'51','51108',3,'MARNE','Marne');
insert into llx_c_departements (fk_region, code_departement,cheflieu,tncc,ncc,nom) values (21,'52','52121',3,'HAUTE-MARNE','Haute-Marne');
insert into llx_c_departements (fk_region, code_departement,cheflieu,tncc,ncc,nom) values (52,'53','53130',3,'MAYENNE','Mayenne');
insert into llx_c_departements (fk_region, code_departement,cheflieu,tncc,ncc,nom) values (41,'54','54395',0,'MEURTHE-ET-MOSELLE','Meurthe-et-Moselle');
insert into llx_c_departements (fk_region, code_departement,cheflieu,tncc,ncc,nom) values (41,'55','55029',3,'MEUSE','Meuse');
insert into llx_c_departements (fk_region, code_departement,cheflieu,tncc,ncc,nom) values (53,'56','56260',2,'MORBIHAN','Morbihan');
insert into llx_c_departements (fk_region, code_departement,cheflieu,tncc,ncc,nom) values (41,'57','57463',3,'MOSELLE','Moselle');
insert into llx_c_departements (fk_region, code_departement,cheflieu,tncc,ncc,nom) values (26,'58','58194',3,'NIEVRE','Nièvre');
insert into llx_c_departements (fk_region, code_departement,cheflieu,tncc,ncc,nom) values (31,'59','59350',2,'NORD','Nord');
insert into llx_c_departements (fk_region, code_departement,cheflieu,tncc,ncc,nom) values (22,'60','60057',5,'OISE','Oise');
insert into llx_c_departements (fk_region, code_departement,cheflieu,tncc,ncc,nom) values (25,'61','61001',5,'ORNE','Orne');
insert into llx_c_departements (fk_region, code_departement,cheflieu,tncc,ncc,nom) values (31,'62','62041',2,'PAS-DE-CALAIS','Pas-de-Calais');
insert into llx_c_departements (fk_region, code_departement,cheflieu,tncc,ncc,nom) values (83,'63','63113',2,'PUY-DE-DOME','Puy-de-Dôme');
insert into llx_c_departements (fk_region, code_departement,cheflieu,tncc,ncc,nom) values (72,'64','64445',4,'PYRENEES-ATLANTIQUES','Pyrénées-Atlantiques');
insert into llx_c_departements (fk_region, code_departement,cheflieu,tncc,ncc,nom) values (73,'65','65440',4,'HAUTES-PYRENEES','Hautes-Pyrénées');
insert into llx_c_departements (fk_region, code_departement,cheflieu,tncc,ncc,nom) values (91,'66','66136',4,'PYRENEES-ORIENTALES','Pyrénées-Orientales');
insert into llx_c_departements (fk_region, code_departement,cheflieu,tncc,ncc,nom) values (42,'67','67482',2,'BAS-RHIN','Bas-Rhin');
insert into llx_c_departements (fk_region, code_departement,cheflieu,tncc,ncc,nom) values (42,'68','68066',2,'HAUT-RHIN','Haut-Rhin');
insert into llx_c_departements (fk_region, code_departement,cheflieu,tncc,ncc,nom) values (82,'69','69123',2,'RHONE','Rhône');
insert into llx_c_departements (fk_region, code_departement,cheflieu,tncc,ncc,nom) values (43,'70','70550',3,'HAUTE-SAONE','Haute-Saône');
insert into llx_c_departements (fk_region, code_departement,cheflieu,tncc,ncc,nom) values (26,'71','71270',0,'SAONE-ET-LOIRE','Saône-et-Loire');
insert into llx_c_departements (fk_region, code_departement,cheflieu,tncc,ncc,nom) values (52,'72','72181',3,'SARTHE','Sarthe');
insert into llx_c_departements (fk_region, code_departement,cheflieu,tncc,ncc,nom) values (82,'73','73065',3,'SAVOIE','Savoie');
insert into llx_c_departements (fk_region, code_departement,cheflieu,tncc,ncc,nom) values (82,'74','74010',3,'HAUTE-SAVOIE','Haute-Savoie');
insert into llx_c_departements (fk_region, code_departement,cheflieu,tncc,ncc,nom) values (11,'75','75056',0,'PARIS','Paris');
insert into llx_c_departements (fk_region, code_departement,cheflieu,tncc,ncc,nom) values (23,'76','76540',3,'SEINE-MARITIME','Seine-Maritime');
insert into llx_c_departements (fk_region, code_departement,cheflieu,tncc,ncc,nom) values (11,'77','77288',0,'SEINE-ET-MARNE','Seine-et-Marne');
insert into llx_c_departements (fk_region, code_departement,cheflieu,tncc,ncc,nom) values (11,'78','78646',4,'YVELINES','Yvelines');
insert into llx_c_departements (fk_region, code_departement,cheflieu,tncc,ncc,nom) values (54,'79','79191',4,'DEUX-SEVRES','Deux-Sèvres');
insert into llx_c_departements (fk_region, code_departement,cheflieu,tncc,ncc,nom) values (22,'80','80021',3,'SOMME','Somme');
insert into llx_c_departements (fk_region, code_departement,cheflieu,tncc,ncc,nom) values (73,'81','81004',2,'TARN','Tarn');
insert into llx_c_departements (fk_region, code_departement,cheflieu,tncc,ncc,nom) values (73,'82','82121',0,'TARN-ET-GARONNE','Tarn-et-Garonne');
insert into llx_c_departements (fk_region, code_departement,cheflieu,tncc,ncc,nom) values (93,'83','83137',2,'VAR','Var');
insert into llx_c_departements (fk_region, code_departement,cheflieu,tncc,ncc,nom) values (93,'84','84007',0,'VAUCLUSE','Vaucluse');
insert into llx_c_departements (fk_region, code_departement,cheflieu,tncc,ncc,nom) values (52,'85','85191',3,'VENDEE','Vendée');
insert into llx_c_departements (fk_region, code_departement,cheflieu,tncc,ncc,nom) values (54,'86','86194',3,'VIENNE','Vienne');
insert into llx_c_departements (fk_region, code_departement,cheflieu,tncc,ncc,nom) values (74,'87','87085',3,'HAUTE-VIENNE','Haute-Vienne');
insert into llx_c_departements (fk_region, code_departement,cheflieu,tncc,ncc,nom) values (41,'88','88160',4,'VOSGES','Vosges');
insert into llx_c_departements (fk_region, code_departement,cheflieu,tncc,ncc,nom) values (26,'89','89024',5,'YONNE','Yonne');
insert into llx_c_departements (fk_region, code_departement,cheflieu,tncc,ncc,nom) values (43,'90','90010',0,'TERRITOIRE DE BELFORT','Territoire de Belfort');
insert into llx_c_departements (fk_region, code_departement,cheflieu,tncc,ncc,nom) values (11,'91','91228',5,'ESSONNE','Essonne');
insert into llx_c_departements (fk_region, code_departement,cheflieu,tncc,ncc,nom) values (11,'92','92050',4,'HAUTS-DE-SEINE','Hauts-de-Seine');
insert into llx_c_departements (fk_region, code_departement,cheflieu,tncc,ncc,nom) values (11,'93','93008',3,'SEINE-SAINT-DENIS','Seine-Saint-Denis');
insert into llx_c_departements (fk_region, code_departement,cheflieu,tncc,ncc,nom) values (11,'94','94028',2,'VAL-DE-MARNE','Val-de-Marne');
insert into llx_c_departements (fk_region, code_departement,cheflieu,tncc,ncc,nom) values (11,'95','95500',2,'VAL-D\'OISE','Val-d\'Oise');
insert into llx_c_departements (fk_region, code_departement,cheflieu,tncc,ncc,nom) values ( 1,'971','97105',3,'GUADELOUPE','Guadeloupe');
insert into llx_c_departements (fk_region, code_departement,cheflieu,tncc,ncc,nom) values ( 2,'972','97209',3,'MARTINIQUE','Martinique');
insert into llx_c_departements (fk_region, code_departement,cheflieu,tncc,ncc,nom) values ( 3,'973','97302',3,'GUYANE','Guyane');
insert into llx_c_departements (fk_region, code_departement,cheflieu,tncc,ncc,nom) values ( 4,'974','97411',3,'REUNION','Réunion');
insert into llx_c_departements (fk_region, code_departement,cheflieu,tncc,ncc,nom) values (201,'01','01053',1,'ANVERS','Anvers');
insert into llx_c_departements (fk_region, code_departement,cheflieu,tncc,ncc,nom) values (203,'02','02408',3,'BRUXELLES-CAPITALE','Bruxelles-Capitale');
insert into llx_c_departements (fk_region, code_departement,cheflieu,tncc,ncc,nom) values (202,'03','03190',2,'BRABANT-WALLON','Brabant-Wallon');
insert into llx_c_departements (fk_region, code_departement,cheflieu,tncc,ncc,nom) values (201,'04','04070',1,'BRABANT-FLAMAND','Brabant-Flamand');
insert into llx_c_departements (fk_region, code_departement,cheflieu,tncc,ncc,nom) values (201,'05','05061',1,'FLANDRE-OCCIDENTALE','Flandre-Occidentale');
insert into llx_c_departements (fk_region, code_departement,cheflieu,tncc,ncc,nom) values (201,'06','06088',1,'FLANDRE-ORIENTALE','Flandre-Orientale');
insert into llx_c_departements (fk_region, code_departement,cheflieu,tncc,ncc,nom) values (202,'07','07186',2,'HAINAUT','Hainaut');
insert into llx_c_departements (fk_region, code_departement,cheflieu,tncc,ncc,nom) values (201,'08','08105',2,'LIEGE','Liège');
insert into llx_c_departements (fk_region, code_departement,cheflieu,tncc,ncc,nom) values (202,'09','09105',1,'LIMBOURG','Limbourg');
insert into llx_c_departements (fk_region, code_departement,cheflieu,tncc,ncc,nom) VALUES (202,'10','10387',2,'LUXEMBOURG','Luxembourg');
insert into llx_c_departements (fk_region, code_departement,cheflieu,tncc,ncc,nom) VALUES (201,'11','11069',2,'NAMUR','Namur');


create table llx_c_ape
(
  rowid       integer AUTO_INCREMENT UNIQUE,
  code_ape    varchar(5) PRIMARY KEY,
  libelle     varchar(255),
  active      tinyint default 1
)type=innodb;


create table llx_user_param
(
  fk_user       integer,
  page          varchar(255),
  param         varchar(255),
  value         varchar(255),
  UNIQUE (fk_user,page,param)
)type=innodb;

create table llx_cash
(
  rowid           integer AUTO_INCREMENT PRIMARY KEY,
  datec           datetime,
  dateo           date NOT NULL,
  amount          real NOT NULL default 0,
  label           varchar(255),
  fk_account      integer,
  fk_user_author  integer,
  fk_type         varchar(4),
  note            text
)type=innodb;


update llx_bank set datev=dateo where datev is null;

update llx_chargesociales set periode=date_ech where periode is null or periode = '0000-00-00';
